,Date,Price,Change,Volume,Latest Pattern,One Year Target
0,2023-10-01 01:09:16,350.30,-6.76 (-1.89%),"4,925,422",[],414.00
,Date,Price,Change,Volume,Latest Pattern,One Year Target
0,2023-10-01 01:09:39,350.30,-6.76 (-1.89%),"4,925,422",[],414.00
,Date,Price,Change,Volume,Latest Pattern,One Year Target
0,2023-10-01 01:09:43,350.30,-6.76 (-1.89%),"4,925,422",[],414.00
,Date,Price,Change,Volume,Latest Pattern,One Year Target
0,2023-10-01 01:09:48,350.30,-6.76 (-1.89%),"4,925,422",[],414.00
,Date,Price,Change,Volume,Latest Pattern,One Year Target
0,2023-10-01 01:09:52,350.30,-6.76 (-1.89%),"4,925,422",[],414.00
,Date,Price,Change,Volume,Latest Pattern,One Year Target
0,2023-10-01 01:09:55,350.30,-6.76 (-1.89%),"4,925,422",[],414.00
,Date,Price,Change,Volume,Latest Pattern,One Year Target
0,2023-10-01 01:09:58,350.30,-6.76 (-1.89%),"4,925,422",[],414.00
,Date,Price,Change,Volume,Latest Pattern,One Year Target
0,2023-10-01 01:10:02,350.30,-6.76 (-1.89%),"4,925,422",[],414.00
,Date,Price,Change,Volume,Latest Pattern,One Year Target
0,2023-10-01 01:10:05,350.30,-6.76 (-1.89%),"4,925,422",[],414.00
,Date,Price,Change,Volume,Latest Pattern,One Year Target
0,2023-10-01 01:10:09,350.30,-6.76 (-1.89%),"4,925,422",[],414.00
,Date,Price,Change,Volume,Latest Pattern,One Year Target
0,2023-10-01 01:10:13,350.30,-6.76 (-1.89%),"4,925,422",[],414.00
,Date,Price,Change,Volume,Latest Pattern,One Year Target
0,2023-10-01 01:10:16,350.30,-6.76 (-1.89%),"4,925,422",[],414.00
,Date,Price,Change,Volume,Latest Pattern,One Year Target
0,2023-10-01 01:10:19,350.30,-6.76 (-1.89%),"4,925,422",[],414.00
,Date,Price,Change,Volume,Latest Pattern,One Year Target
0,2023-10-01 01:10:22,350.30,-6.76 (-1.89%),"4,925,422",[],414.00
,Date,Price,Change,Volume,Latest Pattern,One Year Target
0,2023-10-01 01:10:26,350.30,-6.76 (-1.89%),"4,925,422",[],414.00
,Date,Price,Change,Volume,Latest Pattern,One Year Target
0,2023-10-01 01:10:29,350.30,-6.76 (-1.89%),"4,925,422",[],414.00
,Date,Price,Change,Volume,Latest Pattern,One Year Target
0,2023-10-01 01:10:32,350.30,-6.76 (-1.89%),"4,925,422",[],414.00
,Date,Price,Change,Volume,Latest Pattern,One Year Target
0,2023-10-01 01:10:35,350.30,-6.76 (-1.89%),"4,925,422",[],414.00
,Date,Price,Change,Volume,Latest Pattern,One Year Target
0,2023-10-01 01:10:38,350.30,-6.76 (-1.89%),"4,925,422",[],414.00
,Date,Price,Change,Volume,Latest Pattern,One Year Target
0,2023-10-01 01:11:18,350.30,-6.76 (-1.89%),"4,925,422",[],414.00
,Date,Price,Change,Volume,Latest Pattern,One Year Target
0,2023-10-01 01:11:26,350.30,-6.76 (-1.89%),"4,925,422",[],414.00
,Date,Price,Change,Volume,Latest Pattern,One Year Target
0,2023-10-01 01:11:30,350.30,-6.76 (-1.89%),"4,925,422",[],414.00
,Date,Price,Change,Volume,Latest Pattern,One Year Target
0,2023-10-01 01:11:33,350.30,-6.76 (-1.89%),"4,925,422",[],414.00
,Date,Price,Change,Volume,Latest Pattern,One Year Target
0,2023-10-01 01:11:36,350.30,-6.76 (-1.89%),"4,925,422",[],414.00
,Date,Price,Change,Volume,Latest Pattern,One Year Target
0,2023-10-01 01:11:39,350.30,-6.76 (-1.89%),"4,925,422",[],414.00
,Date,Price,Change,Volume,Latest Pattern,One Year Target
0,2023-10-01 01:11:42,350.30,-6.76 (-1.89%),"4,925,422",[],414.00
,Date,Price,Change,Volume,Latest Pattern,One Year Target
0,2023-10-01 01:11:46,350.30,-6.76 (-1.89%),"4,925,422",[],414.00
,Date,Price,Change,Volume,Latest Pattern,One Year Target
0,2023-10-01 01:11:50,350.30,-6.76 (-1.89%),"4,925,422",[],414.00
,Date,Price,Change,Volume,Latest Pattern,One Year Target
0,2023-10-01 01:11:56,350.30,-6.76 (-1.89%),"4,925,422",[],414.00
0,2023-10-01 15:19:04,350.30,-6.76 (-1.89%),"4,935,674",[],414.00
0,2023-10-01 15:19:12,350.30,-6.76 (-1.89%),"4,935,674",[],414.00
0,2023-10-01 15:19:15,350.30,-6.76 (-1.89%),"4,935,674",[],414.00
0,2023-10-01 15:19:17,350.30,-6.76 (-1.89%),"4,935,674",[],414.00
0,2023-10-01 15:19:19,350.30,-6.76 (-1.89%),"4,935,674",[],414.00
0,2023-10-01 15:19:20,350.30,-6.76 (-1.89%),"4,935,674",[],414.00
0,2023-10-01 15:19:22,350.30,-6.76 (-1.89%),"4,935,674",[],414.00
0,2023-10-01 15:19:24,350.30,-6.76 (-1.89%),"4,935,674",[],414.00
0,2023-10-01 15:19:26,350.30,-6.76 (-1.89%),"4,935,674",[],414.00
0,2023-10-01 15:19:28,[],[],[],[],[]
0,2023-10-01 15:19:28,[],[],[],[],[]
0,2023-10-01 15:19:36,350.30,-6.76 (-1.89%),"4,935,674",[],414.00
0,2023-10-01 15:19:37,[],[],[],[],[]
0,2023-10-01 15:19:38,350.30,-6.76 (-1.89%),"4,935,674",[],414.00
0,2023-10-01 15:19:39,350.30,-6.76 (-1.89%),"4,935,674",[],414.00
0,2023-10-01 15:19:41,350.30,-6.76 (-1.89%),"4,935,674",[],414.00
0,2023-10-01 15:19:43,350.30,-6.76 (-1.89%),"4,935,674",[],414.00
0,2023-10-01 15:19:45,350.30,-6.76 (-1.89%),"4,935,674",[],414.00
0,2023-10-01 15:19:46,350.30,-6.76 (-1.89%),"4,935,674",[],414.00
0,2023-10-01 15:19:48,350.30,-6.76 (-1.89%),"4,935,674",[],414.00
0,2023-10-01 15:19:50,350.30,-6.76 (-1.89%),"4,935,674",[],414.00
0,2023-10-01 15:19:51,350.30,-6.76 (-1.89%),"4,935,674",[],414.00
0,2023-10-01 15:19:53,350.30,-6.76 (-1.89%),"4,935,674",[],414.00
0,2023-10-01 15:19:55,350.30,-6.76 (-1.89%),"4,935,674",[],414.00
0,2023-10-01 15:19:57,350.30,-6.76 (-1.89%),"4,935,674",[],414.00
0,2023-10-01 15:19:59,350.30,-6.76 (-1.89%),"4,935,674",[],414.00
0,2023-10-01 15:20:01,350.30,-6.76 (-1.89%),"4,935,674",[],414.00
0,2023-10-01 15:20:02,350.30,-6.76 (-1.89%),"4,935,674",[],414.00
0,2023-10-01 15:20:04,350.30,-6.76 (-1.89%),"4,935,674",[],414.00
0,2023-10-01 15:20:06,350.30,-6.76 (-1.89%),"4,935,674",[],414.00
0,2023-10-01 15:20:08,350.30,-6.76 (-1.89%),"4,935,674",[],414.00
0,2023-10-01 15:20:09,350.30,-6.76 (-1.89%),"4,935,674",[],414.00
0,2023-10-01 15:20:11,350.30,-6.76 (-1.89%),"4,935,674",[],414.00
0,2023-10-01 15:20:13,350.30,-6.76 (-1.89%),"4,935,674",[],414.00
0,2023-10-01 15:20:14,350.30,-6.76 (-1.89%),"4,935,674",[],414.00
0,2023-10-01 15:20:16,350.30,-6.76 (-1.89%),"4,935,674",[],414.00
0,2023-10-01 15:20:18,350.30,-6.76 (-1.89%),"4,935,674",[],414.00
0,2023-10-01 15:20:19,350.30,-6.76 (-1.89%),"4,935,674",[],414.00
0,2023-10-01 15:20:21,350.30,-6.76 (-1.89%),"4,935,674",[],414.00
0,2023-10-01 15:20:23,350.30,-6.76 (-1.89%),"4,935,674",[],414.00
0,2023-10-01 15:20:25,350.30,-6.76 (-1.89%),"4,935,674",[],414.00
0,2023-10-01 15:20:27,350.30,-6.76 (-1.89%),"4,935,674",[],414.00
0,2023-10-01 15:20:30,350.30,-6.76 (-1.89%),"4,935,674",[],414.00
0,2023-10-01 15:20:31,350.30,-6.76 (-1.89%),"4,935,674",[],414.00
0,2023-10-01 15:20:33,350.30,-6.76 (-1.89%),"4,935,674",[],414.00
0,2023-10-01 15:20:35,350.30,-6.76 (-1.89%),"4,935,674",[],414.00
0,2023-10-01 15:20:37,350.30,-6.76 (-1.89%),"4,935,674",[],414.00
0,2023-10-01 15:20:38,350.30,-6.76 (-1.89%),"4,935,674",[],414.00
0,2023-10-01 15:20:40,350.30,-6.76 (-1.89%),"4,935,674",[],414.00
0,2023-10-01 15:20:42,350.30,-6.76 (-1.89%),"4,935,674",[],414.00
0,2023-10-01 15:20:43,350.30,-6.76 (-1.89%),"4,935,674",[],414.00
0,2023-10-01 15:20:45,350.30,-6.76 (-1.89%),"4,935,674",[],414.00
0,2023-10-01 15:20:47,350.30,-6.76 (-1.89%),"4,935,674",[],414.00
0,2023-10-01 15:20:49,350.30,-6.76 (-1.89%),"4,935,674",[],414.00
0,2023-10-01 15:20:50,350.30,-6.76 (-1.89%),"4,935,674",[],414.00
0,2023-10-01 15:20:52,350.30,-6.76 (-1.89%),"4,935,674",[],414.00
0,2023-10-01 15:20:54,350.30,-6.76 (-1.89%),"4,935,674",[],414.00
0,2023-10-01 15:20:55,350.30,-6.76 (-1.89%),"4,935,674",[],414.00
0,2023-10-01 15:20:57,350.30,-6.76 (-1.89%),"4,935,674",[],414.00
0,2023-10-01 15:20:59,350.30,-6.76 (-1.89%),"4,935,674",[],414.00
0,2023-10-01 15:21:01,350.30,-6.76 (-1.89%),"4,935,674",[],414.00
0,2023-10-01 15:21:02,350.30,-6.76 (-1.89%),"4,935,674",[],414.00
0,2023-10-01 15:21:04,350.30,-6.76 (-1.89%),"4,935,674",[],414.00
0,2023-10-01 15:21:06,350.30,-6.76 (-1.89%),"4,935,674",[],414.00
0,2023-10-01 15:21:07,350.30,-6.76 (-1.89%),"4,935,674",[],414.00
0,2023-10-01 15:21:09,350.30,-6.76 (-1.89%),"4,935,674",[],414.00
0,2023-10-01 15:21:11,350.30,-6.76 (-1.89%),"4,935,674",[],414.00
0,2023-10-01 15:21:12,350.30,-6.76 (-1.89%),"4,935,674",[],414.00
0,2023-10-01 15:21:14,350.30,-6.76 (-1.89%),"4,935,674",[],414.00
0,2023-10-01 15:21:16,350.30,-6.76 (-1.89%),"4,935,674",[],414.00
0,2023-10-01 15:21:18,350.30,-6.76 (-1.89%),"4,935,674",[],414.00
0,2023-10-01 15:21:20,350.30,-6.76 (-1.89%),"4,935,674",[],414.00
0,2023-10-01 15:21:22,350.30,-6.76 (-1.89%),"4,935,674",[],414.00
0,2023-10-01 15:21:24,350.30,-6.76 (-1.89%),"4,935,674",[],414.00
0,2023-10-01 15:21:26,350.30,-6.76 (-1.89%),"4,935,674",[],414.00
0,2023-10-01 15:21:28,350.30,-6.76 (-1.89%),"4,935,674",[],414.00
0,2023-10-01 15:21:30,350.30,-6.76 (-1.89%),"4,935,674",[],414.00
0,2023-10-01 15:21:32,350.30,-6.76 (-1.89%),"4,935,674",[],414.00
0,2023-10-01 15:21:33,350.30,-6.76 (-1.89%),"4,935,674",[],414.00
0,2023-10-01 15:21:35,350.30,-6.76 (-1.89%),"4,935,674",[],414.00
0,2023-10-01 15:21:36,350.30,-6.76 (-1.89%),"4,935,674",[],414.00
0,2023-10-01 15:21:38,350.30,-6.76 (-1.89%),"4,935,674",[],414.00
0,2023-10-01 15:21:40,350.30,-6.76 (-1.89%),"4,935,674",[],414.00
0,2023-10-01 15:21:42,350.30,-6.76 (-1.89%),"4,935,674",[],414.00
0,2023-10-01 15:21:44,350.30,-6.76 (-1.89%),"4,935,674",[],414.00
0,2023-10-01 15:21:45,350.30,-6.76 (-1.89%),"4,935,674",[],414.00
0,2023-10-01 15:21:47,350.30,-6.76 (-1.89%),"4,935,674",[],414.00
0,2023-10-01 15:21:49,350.30,-6.76 (-1.89%),"4,935,674",[],414.00
0,2023-10-01 15:21:50,350.30,-6.76 (-1.89%),"4,935,674",[],414.00
0,2023-10-01 15:21:52,350.30,-6.76 (-1.89%),"4,935,674",[],414.00
0,2023-10-01 15:21:54,350.30,-6.76 (-1.89%),"4,935,674",[],414.00
0,2023-10-01 15:21:56,350.30,-6.76 (-1.89%),"4,935,674",[],414.00
0,2023-10-01 15:21:58,350.30,-6.76 (-1.89%),"4,935,674",[],414.00
0,2023-10-01 15:21:59,350.30,-6.76 (-1.89%),"4,935,674",[],414.00
0,2023-10-01 15:22:01,350.30,-6.76 (-1.89%),"4,935,674",[],414.00
0,2023-10-01 15:22:03,350.30,-6.76 (-1.89%),"4,935,674",[],414.00
0,2023-10-01 15:22:04,350.30,-6.76 (-1.89%),"4,935,674",[],414.00
0,2023-10-01 15:22:06,350.30,-6.76 (-1.89%),"4,935,674",[],414.00
0,2023-10-01 15:22:08,350.30,-6.76 (-1.89%),"4,935,674",[],414.00
0,2023-10-01 15:22:10,350.30,-6.76 (-1.89%),"4,935,674",[],414.00
0,2023-10-01 15:22:12,350.30,-6.76 (-1.89%),"4,935,674",[],414.00
0,2023-10-01 15:22:14,350.30,-6.76 (-1.89%),"4,935,674",[],414.00
0,2023-10-01 15:22:16,350.30,-6.76 (-1.89%),"4,935,674",[],414.00
0,2023-10-01 15:22:17,350.30,-6.76 (-1.89%),"4,935,674",[],414.00
0,2023-10-01 15:22:20,350.30,-6.76 (-1.89%),"4,935,674",[],414.00
0,2023-10-01 15:22:22,350.30,-6.76 (-1.89%),"4,935,674",[],414.00
0,2023-10-01 15:22:23,350.30,-6.76 (-1.89%),"4,935,674",[],414.00
0,2023-10-01 15:22:25,350.30,-6.76 (-1.89%),"4,935,674",[],414.00
0,2023-10-01 15:22:27,350.30,-6.76 (-1.89%),"4,935,674",[],414.00
0,2023-10-01 15:22:29,350.30,-6.76 (-1.89%),"4,935,674",[],414.00
0,2023-10-01 15:22:31,350.30,-6.76 (-1.89%),"4,935,674",[],414.00
0,2023-10-01 15:22:33,350.30,-6.76 (-1.89%),"4,935,674",[],414.00
0,2023-10-01 15:22:34,350.30,-6.76 (-1.89%),"4,935,674",[],414.00
0,2023-10-01 15:22:36,350.30,-6.76 (-1.89%),"4,935,674",[],414.00
0,2023-10-01 15:22:38,350.30,-6.76 (-1.89%),"4,935,674",[],414.00
0,2023-10-01 15:22:39,350.30,-6.76 (-1.89%),"4,935,674",[],414.00
0,2023-10-01 15:22:41,350.30,-6.76 (-1.89%),"4,935,674",[],414.00
0,2023-10-01 15:22:43,350.30,-6.76 (-1.89%),"4,935,674",[],414.00
0,2023-10-01 15:22:44,350.30,-6.76 (-1.89%),"4,935,674",[],414.00
0,2023-10-01 15:22:46,350.30,-6.76 (-1.89%),"4,935,674",[],414.00
0,2023-10-01 15:22:48,350.30,-6.76 (-1.89%),"4,935,674",[],414.00
0,2023-10-01 15:22:49,350.30,-6.76 (-1.89%),"4,935,674",[],414.00
0,2023-10-01 15:22:51,350.30,-6.76 (-1.89%),"4,935,674",[],414.00
0,2023-10-01 15:22:53,350.30,-6.76 (-1.89%),"4,935,674",[],414.00
0,2023-10-01 15:22:55,350.30,-6.76 (-1.89%),"4,935,674",[],414.00
0,2023-10-01 15:22:57,350.30,-6.76 (-1.89%),"4,935,674",[],414.00
0,2023-10-01 15:22:58,350.30,-6.76 (-1.89%),"4,935,674",[],414.00
0,2023-10-01 15:23:00,350.30,-6.76 (-1.89%),"4,935,674",[],414.00
0,2023-10-01 15:23:02,350.30,-6.76 (-1.89%),"4,935,674",[],414.00
0,2023-10-01 15:23:03,350.30,-6.76 (-1.89%),"4,935,674",[],414.00
0,2023-10-01 15:23:05,350.30,-6.76 (-1.89%),"4,935,674",[],414.00
0,2023-10-01 15:23:07,350.30,-6.76 (-1.89%),"4,935,674",[],414.00
0,2023-10-01 15:23:09,350.30,-6.76 (-1.89%),"4,935,674",[],414.00
0,2023-10-01 15:23:10,350.30,-6.76 (-1.89%),"4,935,674",[],414.00
0,2023-10-01 15:23:12,350.30,-6.76 (-1.89%),"4,935,674",[],414.00
0,2023-10-01 15:23:15,350.30,-6.76 (-1.89%),"4,935,674",[],414.00
0,2023-10-01 15:23:17,350.30,-6.76 (-1.89%),"4,935,674",[],414.00
0,2023-10-01 15:23:19,350.30,-6.76 (-1.89%),"4,935,674",[],414.00
0,2023-10-01 15:23:22,350.30,-6.76 (-1.89%),"4,935,674",[],414.00
0,2023-10-01 15:23:24,[],[],[],[],[]
0,2023-10-01 15:23:32,350.30,-6.76 (-1.89%),"4,935,674",[],414.00
0,2023-10-01 15:23:34,350.30,-6.76 (-1.89%),"4,935,674",[],414.00
0,2023-10-01 15:23:36,350.30,-6.76 (-1.89%),"4,935,674",[],414.00
0,2023-10-01 15:23:38,350.30,-6.76 (-1.89%),"4,935,674",[],414.00
0,2023-10-01 15:23:40,350.30,-6.76 (-1.89%),"4,935,674",[],414.00
0,2023-10-01 15:23:42,350.30,-6.76 (-1.89%),"4,935,674",[],414.00
0,2023-10-01 15:23:44,350.30,-6.76 (-1.89%),"4,935,674",[],414.00
0,2023-10-01 15:23:46,350.30,-6.76 (-1.89%),"4,935,674",[],414.00
0,2023-10-01 15:23:48,350.30,-6.76 (-1.89%),"4,935,674",[],414.00
0,2023-10-01 15:23:49,350.30,-6.76 (-1.89%),"4,935,674",[],414.00
0,2023-10-01 15:23:51,[],[],[],[],[]
0,2023-10-01 15:23:59,350.30,-6.76 (-1.89%),"4,935,674",[],414.00
0,2023-10-01 15:24:01,350.30,-6.76 (-1.89%),"4,935,674",[],414.00
0,2023-10-01 15:24:03,350.30,-6.76 (-1.89%),"4,935,674",[],414.00
0,2023-10-01 15:24:04,350.30,-6.76 (-1.89%),"4,935,674",[],414.00
0,2023-10-01 15:24:06,350.30,-6.76 (-1.89%),"4,935,674",[],414.00
0,2023-10-01 15:24:08,350.30,-6.76 (-1.89%),"4,935,674",[],414.00
0,2023-10-01 15:24:10,350.30,-6.76 (-1.89%),"4,935,674",[],414.00
0,2023-10-01 15:24:12,350.30,-6.76 (-1.89%),"4,935,674",[],414.00
0,2023-10-01 15:24:14,350.30,-6.76 (-1.89%),"4,935,674",[],414.00
0,2023-10-01 15:24:16,350.30,-6.76 (-1.89%),"4,935,674",[],414.00
0,2023-10-01 15:24:19,350.30,-6.76 (-1.89%),"4,935,674",[],414.00
0,2023-10-01 15:24:21,350.30,-6.76 (-1.89%),"4,935,674",[],414.00
0,2023-10-01 15:24:24,350.30,-6.76 (-1.89%),"4,935,674",[],414.00
0,2023-10-01 15:24:26,350.30,-6.76 (-1.89%),"4,935,674",[],414.00
0,2023-10-01 15:24:28,350.30,-6.76 (-1.89%),"4,935,674",[],414.00
0,2023-10-01 15:24:30,350.30,-6.76 (-1.89%),"4,935,674",[],414.00
0,2023-10-01 15:24:32,350.30,-6.76 (-1.89%),"4,935,674",[],414.00
0,2023-10-01 15:24:34,350.30,-6.76 (-1.89%),"4,935,674",[],414.00
0,2023-10-01 15:24:36,350.30,-6.76 (-1.89%),"4,935,674",[],414.00
0,2023-10-01 15:24:39,350.30,-6.76 (-1.89%),"4,935,674",[],414.00
0,2023-10-01 15:24:41,[],[],[],[],[]
0,2023-10-01 15:24:49,[],[],[],[],[]
0,2023-10-01 15:24:49,[],[],[],[],[]
0,2023-10-01 15:24:49,[],[],[],[],[]
0,2023-10-01 15:24:49,[],[],[],[],[]
0,2023-10-01 15:24:50,[],[],[],[],[]
0,2023-10-01 15:24:50,[],[],[],[],[]
0,2023-10-01 15:24:51,[],[],[],[],[]
0,2023-10-01 15:24:51,[],[],[],[],[]
0,2023-10-01 15:24:51,[],[],[],[],[]
0,2023-10-01 15:24:51,[],[],[],[],[]
0,2023-10-01 15:24:51,[],[],[],[],[]
0,2023-10-01 15:24:52,[],[],[],[],[]
0,2023-10-01 15:24:52,[],[],[],[],[]
0,2023-10-01 15:24:52,[],[],[],[],[]
0,2023-10-01 15:24:53,[],[],[],[],[]
0,2023-10-01 15:24:53,[],[],[],[],[]
0,2023-10-01 15:24:53,[],[],[],[],[]
0,2023-10-01 15:24:54,[],[],[],[],[]
0,2023-10-01 15:24:54,[],[],[],[],[]
0,2023-10-01 15:24:54,[],[],[],[],[]
0,2023-10-01 15:24:55,[],[],[],[],[]
0,2023-10-01 15:24:55,[],[],[],[],[]
0,2023-10-01 15:24:55,[],[],[],[],[]
0,2023-10-01 15:24:55,[],[],[],[],[]
0,2023-10-01 15:24:56,[],[],[],[],[]
0,2023-10-01 15:24:56,[],[],[],[],[]
0,2023-10-01 15:24:56,[],[],[],[],[]
0,2023-10-01 15:24:56,[],[],[],[],[]
0,2023-10-01 15:24:56,[],[],[],[],[]
0,2023-10-01 15:24:57,[],[],[],[],[]
0,2023-10-01 15:24:57,[],[],[],[],[]
0,2023-10-01 15:24:57,[],[],[],[],[]
0,2023-10-01 15:24:57,[],[],[],[],[]
0,2023-10-01 15:24:58,[],[],[],[],[]
0,2023-10-01 15:24:58,[],[],[],[],[]
0,2023-10-01 15:24:58,[],[],[],[],[]
0,2023-10-01 15:24:58,[],[],[],[],[]
0,2023-10-01 15:24:59,[],[],[],[],[]
0,2023-10-01 15:24:59,[],[],[],[],[]
0,2023-10-01 15:24:59,[],[],[],[],[]
0,2023-10-01 15:24:59,[],[],[],[],[]
0,2023-10-01 15:24:59,[],[],[],[],[]
0,2023-10-01 15:25:00,[],[],[],[],[]
0,2023-10-01 15:25:00,[],[],[],[],[]
0,2023-10-01 15:25:07,[],[],[],[],[]
0,2023-10-01 15:25:07,[],[],[],[],[]
0,2023-10-01 15:25:07,[],[],[],[],[]
0,2023-10-01 15:25:08,[],[],[],[],[]
0,2023-10-01 15:25:08,[],[],[],[],[]
0,2023-10-01 15:25:08,[],[],[],[],[]
0,2023-10-01 15:25:09,[],[],[],[],[]
0,2023-10-01 15:25:09,[],[],[],[],[]
0,2023-10-01 15:25:09,[],[],[],[],[]
0,2023-10-01 15:25:09,[],[],[],[],[]
0,2023-10-01 15:25:09,[],[],[],[],[]
0,2023-10-01 15:25:10,[],[],[],[],[]
0,2023-10-01 15:25:10,[],[],[],[],[]
0,2023-10-01 15:25:10,[],[],[],[],[]
0,2023-10-01 15:25:11,[],[],[],[],[]
0,2023-10-01 15:25:11,[],[],[],[],[]
0,2023-10-01 15:25:11,[],[],[],[],[]
0,2023-10-01 15:25:11,[],[],[],[],[]
0,2023-10-01 15:25:11,[],[],[],[],[]
0,2023-10-01 15:25:12,[],[],[],[],[]
0,2023-10-01 15:25:12,[],[],[],[],[]
0,2023-10-01 15:25:12,[],[],[],[],[]
0,2023-10-01 15:25:12,[],[],[],[],[]
0,2023-10-01 15:25:13,[],[],[],[],[]
0,2023-10-01 15:25:13,[],[],[],[],[]
0,2023-10-01 15:25:13,[],[],[],[],[]
0,2023-10-01 15:25:14,[],[],[],[],[]
0,2023-10-01 15:25:14,[],[],[],[],[]
0,2023-10-01 15:25:14,[],[],[],[],[]
0,2023-10-01 15:25:15,[],[],[],[],[]
0,2023-10-01 15:25:15,[],[],[],[],[]
0,2023-10-01 15:25:15,[],[],[],[],[]
0,2023-10-01 15:25:16,[],[],[],[],[]
0,2023-10-01 15:25:16,[],[],[],[],[]
0,2023-10-01 15:25:17,[],[],[],[],[]
0,2023-10-01 15:25:17,[],[],[],[],[]
0,2023-10-01 15:25:17,[],[],[],[],[]
0,2023-10-01 15:25:18,[],[],[],[],[]
0,2023-10-01 15:25:18,[],[],[],[],[]
0,2023-10-01 15:25:18,[],[],[],[],[]
0,2023-10-01 15:25:18,[],[],[],[],[]
0,2023-10-01 15:25:19,[],[],[],[],[]
0,2023-10-01 15:25:19,[],[],[],[],[]
0,2023-10-01 15:25:20,[],[],[],[],[]
0,2023-10-01 15:25:20,[],[],[],[],[]
0,2023-10-01 15:25:20,[],[],[],[],[]
0,2023-10-01 15:25:20,[],[],[],[],[]
0,2023-10-01 15:25:21,[],[],[],[],[]
0,2023-10-01 15:25:22,[],[],[],[],[]
0,2023-10-01 15:25:22,[],[],[],[],[]
0,2023-10-01 15:25:22,[],[],[],[],[]
0,2023-10-01 15:25:23,[],[],[],[],[]
0,2023-10-01 15:25:23,[],[],[],[],[]
0,2023-10-01 15:25:23,[],[],[],[],[]
0,2023-10-01 15:25:24,[],[],[],[],[]
0,2023-10-01 15:25:24,[],[],[],[],[]
0,2023-10-01 15:25:24,[],[],[],[],[]
0,2023-10-01 15:25:25,[],[],[],[],[]
0,2023-10-01 15:25:25,[],[],[],[],[]
0,2023-10-01 15:25:25,[],[],[],[],[]
0,2023-10-01 15:25:26,[],[],[],[],[]
0,2023-10-01 15:25:26,[],[],[],[],[]
0,2023-10-01 15:25:26,[],[],[],[],[]
0,2023-10-01 15:25:26,[],[],[],[],[]
0,2023-10-01 15:25:27,350.30,-6.76 (-1.89%),"4,935,674",[],[]
0,2023-10-01 15:25:33,[],[],[],[],[]
0,2023-10-01 15:25:33,[],[],[],[],[]
0,2023-10-01 15:25:33,[],[],[],[],[]
0,2023-10-01 15:25:34,[],[],[],[],[]
0,2023-10-01 15:25:34,[],[],[],[],[]
0,2023-10-01 15:25:34,[],[],[],[],[]
0,2023-10-01 15:25:34,[],[],[],[],[]
0,2023-10-01 15:25:35,[],[],[],[],[]
0,2023-10-01 15:25:35,[],[],[],[],[]
0,2023-10-01 15:25:35,[],[],[],[],[]
0,2023-10-01 15:25:35,[],[],[],[],[]
0,2023-10-01 15:25:35,[],[],[],[],[]
0,2023-10-01 15:25:36,[],[],[],[],[]
0,2023-10-01 15:25:36,[],[],[],[],[]
0,2023-10-01 15:25:36,[],[],[],[],[]
0,2023-10-01 15:25:36,[],[],[],[],[]
0,2023-10-01 15:25:36,[],[],[],[],[]
0,2023-10-01 15:25:37,[],[],[],[],[]
0,2023-10-01 15:25:37,[],[],[],[],[]
0,2023-10-01 15:25:37,[],[],[],[],[]
0,2023-10-01 15:25:37,[],[],[],[],[]
0,2023-10-01 15:25:38,[],[],[],[],[]
0,2023-10-01 15:25:38,[],[],[],[],[]
0,2023-10-01 15:25:38,[],[],[],[],[]
0,2023-10-01 15:25:38,[],[],[],[],[]
0,2023-10-01 15:25:39,[],[],[],[],[]
0,2023-10-01 15:25:39,[],[],[],[],[]
0,2023-10-01 15:25:39,[],[],[],[],[]
0,2023-10-01 15:25:39,[],[],[],[],[]
0,2023-10-01 15:25:40,[],[],[],[],[]
0,2023-10-01 15:25:40,[],[],[],[],[]
0,2023-10-01 15:25:40,[],[],[],[],[]
0,2023-10-01 15:25:40,[],[],[],[],[]
0,2023-10-01 15:25:40,[],[],[],[],[]
0,2023-10-01 15:25:41,[],[],[],[],[]
0,2023-10-01 15:25:41,[],[],[],[],[]
0,2023-10-01 15:25:41,[],[],[],[],[]
0,2023-10-01 15:25:41,[],[],[],[],[]
0,2023-10-01 15:25:42,[],[],[],[],[]
0,2023-10-01 15:25:42,[],[],[],[],[]
0,2023-10-01 15:25:42,[],[],[],[],[]
0,2023-10-01 15:25:42,[],[],[],[],[]
0,2023-10-01 15:25:43,[],[],[],[],[]
0,2023-10-01 15:25:44,[],[],[],[],[]
0,2023-10-01 15:25:44,[],[],[],[],[]
0,2023-10-01 15:25:44,[],[],[],[],[]
0,2023-10-01 15:25:45,[],[],[],[],[]
0,2023-10-01 15:25:45,[],[],[],[],[]
0,2023-10-01 15:25:45,[],[],[],[],[]
0,2023-10-01 15:25:45,[],[],[],[],[]
0,2023-10-01 15:25:46,[],[],[],[],[]
0,2023-10-01 15:25:46,[],[],[],[],[]
0,2023-10-01 15:25:46,[],[],[],[],[]
0,2023-10-01 15:25:46,[],[],[],[],[]
0,2023-10-01 15:25:46,[],[],[],[],[]
0,2023-10-01 15:25:47,[],[],[],[],[]
0,2023-10-01 15:25:47,[],[],[],[],[]
0,2023-10-01 15:25:47,[],[],[],[],[]
0,2023-10-01 15:25:47,[],[],[],[],[]
0,2023-10-01 15:25:48,[],[],[],[],[]
0,2023-10-01 15:25:48,[],[],[],[],[]
0,2023-10-01 15:25:48,[],[],[],[],[]
0,2023-10-01 15:25:49,[],[],[],[],[]
0,2023-10-01 15:25:49,[],[],[],[],[]
0,2023-10-01 15:25:49,[],[],[],[],[]
0,2023-10-01 15:25:49,[],[],[],[],[]
0,2023-10-01 15:25:50,[],[],[],[],[]
0,2023-10-01 15:25:50,[],[],[],[],[]
0,2023-10-01 15:25:51,[],[],[],[],[]
0,2023-10-01 15:25:51,[],[],[],[],[]
0,2023-10-01 15:25:51,[],[],[],[],[]
0,2023-10-01 15:25:51,[],[],[],[],[]
0,2023-10-01 15:25:51,[],[],[],[],[]
0,2023-10-01 15:25:52,[],[],[],[],[]
0,2023-10-01 15:25:52,[],[],[],[],[]
0,2023-10-01 15:25:52,[],[],[],[],[]
0,2023-10-01 15:25:52,[],[],[],[],[]
0,2023-10-01 15:25:52,[],[],[],[],[]
0,2023-10-01 15:25:53,[],[],[],[],[]
0,2023-10-01 15:25:53,[],[],[],[],[]
0,2023-10-01 15:25:53,[],[],[],[],[]
0,2023-10-01 15:25:54,[],[],[],[],[]
0,2023-10-01 15:25:54,[],[],[],[],[]
0,2023-10-01 15:25:54,[],[],[],[],[]
0,2023-10-01 15:25:55,[],[],[],[],[]
0,2023-10-01 15:25:55,[],[],[],[],[]
0,2023-10-01 15:25:55,[],[],[],[],[]
0,2023-10-01 15:25:55,[],[],[],[],[]
0,2023-10-01 15:25:55,[],[],[],[],[]
0,2023-10-01 15:25:56,[],[],[],[],[]
0,2023-10-01 15:26:03,[],[],[],[],[]
0,2023-10-01 15:26:03,[],[],[],[],[]
0,2023-10-01 15:26:03,[],[],[],[],[]
0,2023-10-01 15:26:04,[],[],[],[],[]
0,2023-10-01 15:26:04,[],[],[],[],[]
0,2023-10-01 15:26:04,[],[],[],[],[]
0,2023-10-01 15:26:04,[],[],[],[],[]
0,2023-10-01 15:26:04,[],[],[],[],[]
0,2023-10-01 15:26:05,[],[],[],[],[]
0,2023-10-01 15:26:05,[],[],[],[],[]
0,2023-10-01 15:26:05,[],[],[],[],[]
0,2023-10-01 15:26:05,[],[],[],[],[]
0,2023-10-01 15:26:06,[],[],[],[],[]
0,2023-10-01 15:26:06,[],[],[],[],[]
0,2023-10-01 15:26:06,[],[],[],[],[]
0,2023-10-01 15:26:06,[],[],[],[],[]
0,2023-10-01 15:26:06,[],[],[],[],[]
0,2023-10-01 15:26:07,[],[],[],[],[]
0,2023-10-01 15:26:07,[],[],[],[],[]
0,2023-10-01 15:26:07,[],[],[],[],[]
0,2023-10-01 15:26:07,[],[],[],[],[]
0,2023-10-01 15:26:07,[],[],[],[],[]
0,2023-10-01 15:26:08,[],[],[],[],[]
0,2023-10-01 15:26:08,[],[],[],[],[]
0,2023-10-01 15:26:08,[],[],[],[],[]
0,2023-10-01 15:26:08,[],[],[],[],[]
0,2023-10-01 15:26:09,[],[],[],[],[]
0,2023-10-01 15:26:09,[],[],[],[],[]
0,2023-10-01 15:26:09,[],[],[],[],[]
0,2023-10-01 15:26:09,[],[],[],[],[]
0,2023-10-01 15:26:09,[],[],[],[],[]
0,2023-10-01 15:26:10,[],[],[],[],[]
0,2023-10-01 15:26:10,[],[],[],[],[]
0,2023-10-01 15:26:10,[],[],[],[],[]
0,2023-10-01 15:26:10,[],[],[],[],[]
0,2023-10-01 15:26:10,[],[],[],[],[]
0,2023-10-01 15:26:11,[],[],[],[],[]
0,2023-10-01 15:26:11,[],[],[],[],[]
0,2023-10-01 15:26:11,[],[],[],[],[]
0,2023-10-01 15:26:11,[],[],[],[],[]
0,2023-10-01 15:26:11,[],[],[],[],[]
0,2023-10-01 15:26:12,[],[],[],[],[]
0,2023-10-01 15:26:12,[],[],[],[],[]
0,2023-10-01 15:26:12,[],[],[],[],[]
0,2023-10-01 15:26:12,[],[],[],[],[]
0,2023-10-01 15:26:12,[],[],[],[],[]
0,2023-10-01 15:26:12,[],[],[],[],[]
0,2023-10-01 15:26:13,[],[],[],[],[]
0,2023-10-01 15:26:13,[],[],[],[],[]
0,2023-10-01 15:26:13,[],[],[],[],[]
0,2023-10-01 15:26:13,[],[],[],[],[]
0,2023-10-01 15:26:13,[],[],[],[],[]
0,2023-10-01 15:26:14,[],[],[],[],[]
0,2023-10-01 15:26:14,[],[],[],[],[]
0,2023-10-01 15:26:14,[],[],[],[],[]
0,2023-10-01 15:26:14,[],[],[],[],[]
0,2023-10-01 15:26:15,[],[],[],[],[]
0,2023-10-01 15:26:15,[],[],[],[],[]
0,2023-10-01 15:26:15,[],[],[],[],[]
0,2023-10-01 15:26:15,[],[],[],[],[]
0,2023-10-01 15:26:15,[],[],[],[],[]
0,2023-10-01 15:26:16,[],[],[],[],[]
0,2023-10-01 15:26:16,[],[],[],[],[]
0,2023-10-01 15:26:16,[],[],[],[],[]
0,2023-10-01 15:26:16,[],[],[],[],[]
0,2023-10-01 15:26:17,[],[],[],[],[]
0,2023-10-01 15:26:17,[],[],[],[],[]
0,2023-10-01 15:26:17,[],[],[],[],[]
0,2023-10-01 15:26:17,[],[],[],[],[]
0,2023-10-01 15:26:17,[],[],[],[],[]
0,2023-10-01 15:26:18,[],[],[],[],[]
0,2023-10-01 15:26:18,[],[],[],[],[]
0,2023-10-01 15:26:18,[],[],[],[],[]
0,2023-10-01 15:26:18,[],[],[],[],[]
0,2023-10-01 15:26:19,[],[],[],[],[]
0,2023-10-01 15:26:19,[],[],[],[],[]
0,2023-10-01 15:26:19,[],[],[],[],[]
0,2023-10-01 15:26:19,[],[],[],[],[]
0,2023-10-01 15:26:20,[],[],[],[],[]
0,2023-10-01 15:26:20,[],[],[],[],[]
0,2023-10-01 15:26:20,[],[],[],[],[]
0,2023-10-01 15:26:21,[],[],[],[],[]
0,2023-10-01 15:26:21,[],[],[],[],[]
0,2023-10-01 15:26:21,[],[],[],[],[]
0,2023-10-01 15:26:21,[],[],[],[],[]
0,2023-10-01 15:26:22,[],[],[],[],[]
0,2023-10-01 15:26:22,[],[],[],[],[]
0,2023-10-01 15:26:22,[],[],[],[],[]
0,2023-10-01 15:26:22,[],[],[],[],[]
0,2023-10-01 15:26:22,[],[],[],[],[]
0,2023-10-01 15:26:23,[],[],[],[],[]
0,2023-10-01 15:26:23,[],[],[],[],[]
0,2023-10-01 15:26:23,[],[],[],[],[]
0,2023-10-01 15:26:23,[],[],[],[],[]
0,2023-10-01 15:26:23,[],[],[],[],[]
0,2023-10-01 15:26:24,[],[],[],[],[]
0,2023-10-01 15:26:24,[],[],[],[],[]
0,2023-10-01 15:26:24,[],[],[],[],[]
0,2023-10-01 15:26:24,[],[],[],[],[]
0,2023-10-01 15:26:24,[],[],[],[],[]
0,2023-10-01 15:26:25,[],[],[],[],[]
0,2023-10-01 15:26:25,[],[],[],[],[]
0,2023-10-01 15:26:25,[],[],[],[],[]
0,2023-10-01 15:26:25,[],[],[],[],[]
0,2023-10-01 15:26:25,[],[],[],[],[]
0,2023-10-01 15:26:26,[],[],[],[],[]
0,2023-10-01 15:26:26,[],[],[],[],[]
0,2023-10-01 15:26:26,[],[],[],[],[]
0,2023-10-01 15:26:26,[],[],[],[],[]
0,2023-10-01 15:26:26,[],[],[],[],[]
0,2023-10-01 15:26:27,[],[],[],[],[]
0,2023-10-01 15:26:27,[],[],[],[],[]
0,2023-10-01 15:26:27,[],[],[],[],[]
0,2023-10-01 15:26:27,[],[],[],[],[]
0,2023-10-01 15:26:27,[],[],[],[],[]
0,2023-10-01 15:26:28,[],[],[],[],[]
0,2023-10-01 15:26:28,[],[],[],[],[]
0,2023-10-01 15:26:28,[],[],[],[],[]
0,2023-10-01 15:26:28,[],[],[],[],[]
0,2023-10-01 15:26:28,[],[],[],[],[]
0,2023-10-01 15:26:29,[],[],[],[],[]
0,2023-10-01 15:26:29,[],[],[],[],[]
0,2023-10-01 15:26:29,[],[],[],[],[]
0,2023-10-01 15:26:29,[],[],[],[],[]
0,2023-10-01 15:26:29,[],[],[],[],[]
0,2023-10-01 15:26:30,[],[],[],[],[]
0,2023-10-01 15:26:30,[],[],[],[],[]
0,2023-10-01 15:26:31,[],[],[],[],[]
0,2023-10-01 15:26:31,[],[],[],[],[]
0,2023-10-01 15:26:32,[],[],[],[],[]
0,2023-10-01 15:26:32,[],[],[],[],[]
0,2023-10-01 15:26:32,[],[],[],[],[]
0,2023-10-01 15:26:33,[],[],[],[],[]
0,2023-10-01 15:26:33,[],[],[],[],[]
0,2023-10-01 15:26:33,[],[],[],[],[]
0,2023-10-01 15:26:33,[],[],[],[],[]
0,2023-10-01 15:26:33,[],[],[],[],[]
0,2023-10-01 15:26:33,[],[],[],[],[]
0,2023-10-01 15:26:34,[],[],[],[],[]
0,2023-10-01 15:26:34,[],[],[],[],[]
0,2023-10-01 15:26:34,[],[],[],[],[]
0,2023-10-01 15:26:34,[],[],[],[],[]
0,2023-10-01 15:26:34,[],[],[],[],[]
0,2023-10-01 15:26:35,[],[],[],[],[]
0,2023-10-01 15:26:35,[],[],[],[],[]
0,2023-10-01 15:26:35,[],[],[],[],[]
0,2023-10-01 15:26:35,[],[],[],[],[]
0,2023-10-01 15:26:35,[],[],[],[],[]
0,2023-10-01 15:26:36,[],[],[],[],[]
0,2023-10-01 15:26:36,[],[],[],[],[]
0,2023-10-01 15:26:36,[],[],[],[],[]
0,2023-10-01 15:26:36,[],[],[],[],[]
0,2023-10-01 15:26:36,[],[],[],[],[]
0,2023-10-01 15:26:37,[],[],[],[],[]
0,2023-10-01 15:26:37,[],[],[],[],[]
0,2023-10-01 15:26:37,[],[],[],[],[]
0,2023-10-01 15:26:37,[],[],[],[],[]
0,2023-10-01 15:26:38,[],[],[],[],[]
0,2023-10-01 15:26:38,[],[],[],[],[]
0,2023-10-01 15:26:38,[],[],[],[],[]
0,2023-10-01 15:26:38,[],[],[],[],[]
0,2023-10-01 15:26:38,[],[],[],[],[]
0,2023-10-01 15:26:38,[],[],[],[],[]
0,2023-10-01 15:26:39,[],[],[],[],[]
0,2023-10-01 15:26:39,[],[],[],[],[]
0,2023-10-01 15:26:39,[],[],[],[],[]
0,2023-10-01 15:26:39,[],[],[],[],[]
0,2023-10-01 15:26:39,[],[],[],[],[]
0,2023-10-01 15:26:40,[],[],[],[],[]
0,2023-10-01 15:26:40,[],[],[],[],[]
0,2023-10-01 15:26:40,[],[],[],[],[]
0,2023-10-01 15:26:40,[],[],[],[],[]
0,2023-10-01 15:26:40,[],[],[],[],[]
0,2023-10-01 15:26:41,[],[],[],[],[]
0,2023-10-01 15:26:41,[],[],[],[],[]
0,2023-10-01 15:26:41,[],[],[],[],[]
0,2023-10-01 15:26:41,[],[],[],[],[]
0,2023-10-01 15:26:41,[],[],[],[],[]
0,2023-10-01 15:26:42,[],[],[],[],[]
0,2023-10-01 15:26:42,[],[],[],[],[]
0,2023-10-01 15:26:42,[],[],[],[],[]
0,2023-10-01 15:26:42,[],[],[],[],[]
0,2023-10-01 15:26:42,[],[],[],[],[]
0,2023-10-01 15:26:43,[],[],[],[],[]
0,2023-10-01 15:26:43,[],[],[],[],[]
0,2023-10-01 15:26:43,[],[],[],[],[]
0,2023-10-01 15:26:43,[],[],[],[],[]
0,2023-10-01 15:26:43,[],[],[],[],[]
0,2023-10-01 15:26:44,[],[],[],[],[]
0,2023-10-01 15:26:44,[],[],[],[],[]
0,2023-10-01 15:26:44,[],[],[],[],[]
0,2023-10-01 15:26:44,[],[],[],[],[]
0,2023-10-01 15:26:44,[],[],[],[],[]
0,2023-10-01 15:26:45,[],[],[],[],[]
0,2023-10-01 15:26:45,[],[],[],[],[]
0,2023-10-01 15:26:45,[],[],[],[],[]
0,2023-10-01 15:26:45,[],[],[],[],[]
0,2023-10-01 15:26:46,[],[],[],[],[]
0,2023-10-01 15:26:46,[],[],[],[],[]
0,2023-10-01 15:26:46,[],[],[],[],[]
0,2023-10-01 15:26:46,[],[],[],[],[]
0,2023-10-01 15:26:46,[],[],[],[],[]
0,2023-10-01 15:26:47,[],[],[],[],[]
0,2023-10-01 15:26:47,[],[],[],[],[]
0,2023-10-01 15:26:47,[],[],[],[],[]
0,2023-10-01 15:26:47,[],[],[],[],[]
0,2023-10-01 15:26:48,[],[],[],[],[]
0,2023-10-01 15:26:48,[],[],[],[],[]
0,2023-10-01 15:26:48,[],[],[],[],[]
0,2023-10-01 15:26:48,[],[],[],[],[]
0,2023-10-01 15:26:56,[],[],[],[],[]
0,2023-10-01 15:26:56,[],[],[],[],[]
0,2023-10-01 15:26:56,[],[],[],[],[]
0,2023-10-01 15:26:56,[],[],[],[],[]
0,2023-10-01 15:26:57,[],[],[],[],[]
0,2023-10-01 15:26:57,[],[],[],[],[]
0,2023-10-01 15:26:57,[],[],[],[],[]
0,2023-10-01 15:26:58,[],[],[],[],[]
0,2023-10-01 15:26:58,[],[],[],[],[]
0,2023-10-01 15:26:58,[],[],[],[],[]
0,2023-10-01 15:26:58,[],[],[],[],[]
0,2023-10-01 15:26:58,[],[],[],[],[]
0,2023-10-01 15:26:59,[],[],[],[],[]
0,2023-10-01 15:26:59,[],[],[],[],[]
0,2023-10-01 15:26:59,[],[],[],[],[]
0,2023-10-01 15:26:59,[],[],[],[],[]
0,2023-10-01 15:26:59,[],[],[],[],[]
0,2023-10-01 15:26:59,[],[],[],[],[]
0,2023-10-01 15:27:00,[],[],[],[],[]
0,2023-10-01 15:27:00,[],[],[],[],[]
0,2023-10-01 15:27:00,[],[],[],[],[]
0,2023-10-01 15:27:00,[],[],[],[],[]
0,2023-10-01 15:27:00,[],[],[],[],[]
0,2023-10-01 15:27:01,[],[],[],[],[]
0,2023-10-01 15:27:01,[],[],[],[],[]
0,2023-10-01 15:27:01,[],[],[],[],[]
0,2023-10-01 15:27:01,[],[],[],[],[]
0,2023-10-01 15:27:02,[],[],[],[],[]
0,2023-10-01 15:27:02,[],[],[],[],[]
0,2023-10-01 15:27:02,[],[],[],[],[]
0,2023-10-01 15:27:02,[],[],[],[],[]
0,2023-10-01 15:27:02,[],[],[],[],[]
0,2023-10-01 15:27:03,[],[],[],[],[]
0,2023-10-01 15:27:03,[],[],[],[],[]
0,2023-10-01 15:27:03,[],[],[],[],[]
0,2023-10-01 15:27:03,[],[],[],[],[]
0,2023-10-01 15:27:03,[],[],[],[],[]
0,2023-10-01 15:27:04,[],[],[],[],[]
0,2023-10-01 15:27:04,[],[],[],[],[]
0,2023-10-01 15:27:04,[],[],[],[],[]
0,2023-10-01 15:27:04,[],[],[],[],[]
0,2023-10-01 15:27:04,[],[],[],[],[]
0,2023-10-01 15:27:05,[],[],[],[],[]
0,2023-10-01 15:27:05,[],[],[],[],[]
0,2023-10-01 15:27:05,[],[],[],[],[]
0,2023-10-01 15:27:05,[],[],[],[],[]
0,2023-10-01 15:27:06,[],[],[],[],[]
0,2023-10-01 15:27:06,[],[],[],[],[]
0,2023-10-01 15:27:06,[],[],[],[],[]
0,2023-10-01 15:27:06,[],[],[],[],[]
0,2023-10-01 15:27:06,[],[],[],[],[]
0,2023-10-01 15:27:07,[],[],[],[],[]
0,2023-10-01 15:27:07,[],[],[],[],[]
0,2023-10-01 15:27:07,[],[],[],[],[]
0,2023-10-01 15:27:07,[],[],[],[],[]
0,2023-10-01 15:27:07,[],[],[],[],[]
0,2023-10-01 15:27:08,[],[],[],[],[]
0,2023-10-01 15:27:08,[],[],[],[],[]
0,2023-10-01 15:27:08,[],[],[],[],[]
0,2023-10-01 15:27:08,[],[],[],[],[]
0,2023-10-01 15:27:08,[],[],[],[],[]
0,2023-10-01 15:27:09,[],[],[],[],[]
0,2023-10-01 15:27:09,[],[],[],[],[]
0,2023-10-01 15:27:09,[],[],[],[],[]
0,2023-10-01 15:27:09,[],[],[],[],[]
0,2023-10-01 15:27:10,[],[],[],[],[]
0,2023-10-01 15:27:10,[],[],[],[],[]
0,2023-10-01 15:27:10,[],[],[],[],[]
0,2023-10-01 15:27:10,[],[],[],[],[]
0,2023-10-01 15:27:11,[],[],[],[],[]
0,2023-10-01 15:27:11,[],[],[],[],[]
0,2023-10-01 15:27:11,[],[],[],[],[]
0,2023-10-01 15:27:11,[],[],[],[],[]
0,2023-10-01 15:27:11,[],[],[],[],[]
0,2023-10-01 15:27:12,[],[],[],[],[]
0,2023-10-01 15:27:12,[],[],[],[],[]
0,2023-10-01 15:27:12,[],[],[],[],[]
0,2023-10-01 15:27:12,[],[],[],[],[]
0,2023-10-01 15:27:12,[],[],[],[],[]
0,2023-10-01 15:27:13,[],[],[],[],[]
0,2023-10-01 15:27:13,[],[],[],[],[]
0,2023-10-01 15:27:13,[],[],[],[],[]
0,2023-10-01 15:27:13,[],[],[],[],[]
0,2023-10-01 15:27:13,[],[],[],[],[]
0,2023-10-01 15:27:14,[],[],[],[],[]
0,2023-10-01 15:27:14,[],[],[],[],[]
0,2023-10-01 15:27:14,[],[],[],[],[]
0,2023-10-01 15:27:14,[],[],[],[],[]
0,2023-10-01 15:27:14,[],[],[],[],[]
0,2023-10-01 15:27:15,[],[],[],[],[]
0,2023-10-01 15:27:15,[],[],[],[],[]
0,2023-10-01 15:27:15,[],[],[],[],[]
0,2023-10-01 15:27:15,[],[],[],[],[]
0,2023-10-01 15:27:15,[],[],[],[],[]
0,2023-10-01 15:27:16,[],[],[],[],[]
0,2023-10-01 15:27:16,[],[],[],[],[]
0,2023-10-01 15:27:16,[],[],[],[],[]
0,2023-10-01 15:27:16,[],[],[],[],[]
0,2023-10-01 15:27:16,[],[],[],[],[]
0,2023-10-01 15:27:17,[],[],[],[],[]
0,2023-10-01 15:27:17,[],[],[],[],[]
0,2023-10-01 15:27:17,[],[],[],[],[]
0,2023-10-01 15:27:17,[],[],[],[],[]
0,2023-10-01 15:27:18,[],[],[],[],[]
0,2023-10-01 15:27:18,[],[],[],[],[]
0,2023-10-01 15:27:18,[],[],[],[],[]
0,2023-10-01 15:27:18,[],[],[],[],[]
0,2023-10-01 15:27:19,[],[],[],[],[]
0,2023-10-01 15:27:19,[],[],[],[],[]
0,2023-10-01 15:27:19,[],[],[],[],[]
0,2023-10-01 15:27:19,[],[],[],[],[]
0,2023-10-01 15:27:19,[],[],[],[],[]
0,2023-10-01 15:27:20,[],[],[],[],[]
0,2023-10-01 15:27:20,[],[],[],[],[]
0,2023-10-01 15:27:20,[],[],[],[],[]
0,2023-10-01 15:27:20,[],[],[],[],[]
0,2023-10-01 15:27:20,[],[],[],[],[]
0,2023-10-01 15:27:21,[],[],[],[],[]
0,2023-10-01 15:27:21,[],[],[],[],[]
0,2023-10-01 15:27:21,[],[],[],[],[]
0,2023-10-01 15:27:21,[],[],[],[],[]
0,2023-10-01 15:27:22,[],[],[],[],[]
0,2023-10-01 15:27:22,[],[],[],[],[]
0,2023-10-01 15:27:22,[],[],[],[],[]
0,2023-10-01 15:27:22,[],[],[],[],[]
0,2023-10-01 15:27:23,[],[],[],[],[]
0,2023-10-01 15:27:23,[],[],[],[],[]
0,2023-10-01 15:27:23,[],[],[],[],[]
0,2023-10-01 15:27:23,[],[],[],[],[]
0,2023-10-01 15:27:23,[],[],[],[],[]
0,2023-10-01 15:27:24,[],[],[],[],[]
0,2023-10-01 15:27:24,[],[],[],[],[]
0,2023-10-01 15:27:24,[],[],[],[],[]
0,2023-10-01 15:27:24,[],[],[],[],[]
0,2023-10-01 15:27:25,[],[],[],[],[]
0,2023-10-01 15:27:25,[],[],[],[],[]
0,2023-10-01 15:27:25,[],[],[],[],[]
0,2023-10-01 15:27:25,[],[],[],[],[]
0,2023-10-01 15:27:25,[],[],[],[],[]
0,2023-10-01 15:27:26,[],[],[],[],[]
0,2023-10-01 15:27:26,[],[],[],[],[]
0,2023-10-01 15:27:26,[],[],[],[],[]
0,2023-10-01 15:27:27,[],[],[],[],[]
0,2023-10-01 15:27:27,[],[],[],[],[]
0,2023-10-01 15:27:27,[],[],[],[],[]
0,2023-10-01 15:27:27,[],[],[],[],[]
0,2023-10-01 15:27:28,[],[],[],[],[]
0,2023-10-01 15:27:28,[],[],[],[],[]
0,2023-10-01 15:27:28,[],[],[],[],[]
0,2023-10-01 15:27:28,[],[],[],[],[]
0,2023-10-01 15:27:29,[],[],[],[],[]
0,2023-10-01 15:27:29,[],[],[],[],[]
0,2023-10-01 15:27:29,[],[],[],[],[]
0,2023-10-01 15:27:29,[],[],[],[],[]
0,2023-10-01 15:27:29,[],[],[],[],[]
0,2023-10-01 15:27:30,[],[],[],[],[]
0,2023-10-01 15:27:30,[],[],[],[],[]
0,2023-10-01 15:27:30,[],[],[],[],[]
0,2023-10-01 15:27:30,350.30,-6.76 (-1.89%),"4,935,674",[],[]
0,2023-10-01 15:27:32,[],[],[],[],[]
0,2023-10-01 15:27:33,[],[],[],[],[]
0,2023-10-01 15:27:33,[],[],[],[],[]
0,2023-10-01 15:27:33,[],[],[],[],[]
0,2023-10-01 15:27:33,[],[],[],[],[]
0,2023-10-01 15:27:34,[],[],[],[],[]
0,2023-10-01 15:27:34,[],[],[],[],[]
0,2023-10-01 15:27:34,[],[],[],[],[]
0,2023-10-01 15:27:34,[],[],[],[],[]
0,2023-10-01 15:27:34,[],[],[],[],[]
0,2023-10-01 15:27:35,[],[],[],[],[]
0,2023-10-01 15:27:35,[],[],[],[],[]
0,2023-10-01 15:27:35,[],[],[],[],[]
0,2023-10-01 15:27:35,[],[],[],[],[]
0,2023-10-01 15:27:36,[],[],[],[],[]
0,2023-10-01 15:27:36,[],[],[],[],[]
0,2023-10-01 15:27:36,[],[],[],[],[]
0,2023-10-01 15:27:36,[],[],[],[],[]
0,2023-10-01 15:27:37,[],[],[],[],[]
0,2023-10-01 15:27:37,[],[],[],[],[]
0,2023-10-01 15:27:37,[],[],[],[],[]
0,2023-10-01 15:27:37,[],[],[],[],[]
0,2023-10-01 15:27:37,[],[],[],[],[]
0,2023-10-01 15:27:38,[],[],[],[],[]
0,2023-10-01 15:27:38,[],[],[],[],[]
0,2023-10-01 15:27:38,[],[],[],[],[]
0,2023-10-01 15:27:38,[],[],[],[],[]
0,2023-10-01 15:27:38,[],[],[],[],[]
0,2023-10-01 15:27:39,[],[],[],[],[]
0,2023-10-01 15:27:39,[],[],[],[],[]
0,2023-10-01 15:27:39,[],[],[],[],[]
0,2023-10-01 15:27:39,[],[],[],[],[]
0,2023-10-01 15:27:39,[],[],[],[],[]
0,2023-10-01 15:27:40,[],[],[],[],[]
0,2023-10-01 15:27:40,[],[],[],[],[]
0,2023-10-01 15:27:40,[],[],[],[],[]
0,2023-10-01 15:27:40,[],[],[],[],[]
0,2023-10-01 15:27:40,[],[],[],[],[]
0,2023-10-01 15:27:41,[],[],[],[],[]
0,2023-10-01 15:27:41,[],[],[],[],[]
0,2023-10-01 15:27:41,[],[],[],[],[]
0,2023-10-01 15:27:41,[],[],[],[],[]
0,2023-10-01 15:27:41,[],[],[],[],[]
0,2023-10-01 15:27:42,[],[],[],[],[]
0,2023-10-01 15:27:42,[],[],[],[],[]
0,2023-10-01 15:27:42,[],[],[],[],[]
0,2023-10-01 15:27:42,[],[],[],[],[]
0,2023-10-01 15:27:42,[],[],[],[],[]
0,2023-10-01 15:27:43,[],[],[],[],[]
0,2023-10-01 15:27:43,[],[],[],[],[]
0,2023-10-01 15:27:43,[],[],[],[],[]
0,2023-10-01 15:27:43,[],[],[],[],[]
0,2023-10-01 15:27:43,[],[],[],[],[]
0,2023-10-01 15:27:44,[],[],[],[],[]
0,2023-10-01 15:27:44,[],[],[],[],[]
0,2023-10-01 15:27:44,[],[],[],[],[]
0,2023-10-01 15:27:44,[],[],[],[],[]
0,2023-10-01 15:27:44,[],[],[],[],[]
0,2023-10-01 15:27:45,[],[],[],[],[]
0,2023-10-01 15:27:45,[],[],[],[],[]
0,2023-10-01 15:27:45,[],[],[],[],[]
0,2023-10-01 15:27:45,[],[],[],[],[]
0,2023-10-01 15:27:45,[],[],[],[],[]
0,2023-10-01 15:27:46,[],[],[],[],[]
0,2023-10-01 15:27:46,[],[],[],[],[]
0,2023-10-01 15:27:46,[],[],[],[],[]
0,2023-10-01 15:27:46,[],[],[],[],[]
0,2023-10-01 15:27:46,[],[],[],[],[]
0,2023-10-01 15:27:47,[],[],[],[],[]
0,2023-10-01 15:27:47,[],[],[],[],[]
0,2023-10-01 15:27:54,[],[],[],[],[]
0,2023-10-01 15:27:54,[],[],[],[],[]
0,2023-10-01 15:27:55,[],[],[],[],[]
0,2023-10-01 15:27:55,[],[],[],[],[]
0,2023-10-01 15:27:55,[],[],[],[],[]
0,2023-10-01 15:27:55,[],[],[],[],[]
0,2023-10-01 15:27:55,[],[],[],[],[]
0,2023-10-01 15:27:56,[],[],[],[],[]
0,2023-10-01 15:27:56,[],[],[],[],[]
0,2023-10-01 15:27:56,[],[],[],[],[]
0,2023-10-01 15:27:57,[],[],[],[],[]
0,2023-10-01 15:27:57,[],[],[],[],[]
0,2023-10-01 15:27:57,[],[],[],[],[]
0,2023-10-01 15:27:57,[],[],[],[],[]
0,2023-10-01 15:27:57,[],[],[],[],[]
0,2023-10-01 15:27:57,[],[],[],[],[]
0,2023-10-01 15:27:58,[],[],[],[],[]
0,2023-10-01 15:27:58,[],[],[],[],[]
0,2023-10-01 15:27:58,[],[],[],[],[]
0,2023-10-01 15:27:58,[],[],[],[],[]
0,2023-10-01 15:27:59,[],[],[],[],[]
0,2023-10-01 15:27:59,[],[],[],[],[]
0,2023-10-01 15:27:59,[],[],[],[],[]
0,2023-10-01 15:27:59,[],[],[],[],[]
0,2023-10-01 15:27:59,[],[],[],[],[]
0,2023-10-01 15:28:00,[],[],[],[],[]
0,2023-10-01 15:28:00,[],[],[],[],[]
0,2023-10-01 15:28:00,[],[],[],[],[]
0,2023-10-01 15:28:01,[],[],[],[],[]
0,2023-10-01 15:28:01,[],[],[],[],[]
0,2023-10-01 15:28:01,[],[],[],[],[]
0,2023-10-01 15:28:01,[],[],[],[],[]
0,2023-10-01 15:28:01,[],[],[],[],[]
0,2023-10-01 15:28:02,[],[],[],[],[]
0,2023-10-01 15:28:02,[],[],[],[],[]
0,2023-10-01 15:28:02,[],[],[],[],[]
0,2023-10-01 15:28:02,[],[],[],[],[]
0,2023-10-01 15:28:02,[],[],[],[],[]
0,2023-10-01 15:28:03,[],[],[],[],[]
0,2023-10-01 15:28:03,[],[],[],[],[]
0,2023-10-01 15:28:03,[],[],[],[],[]
0,2023-10-01 15:28:03,[],[],[],[],[]
0,2023-10-01 15:28:03,[],[],[],[],[]
0,2023-10-01 15:28:04,[],[],[],[],[]
0,2023-10-01 15:28:04,[],[],[],[],[]
0,2023-10-01 15:28:04,[],[],[],[],[]
0,2023-10-01 15:28:04,[],[],[],[],[]
0,2023-10-01 15:28:04,[],[],[],[],[]
0,2023-10-01 15:28:05,[],[],[],[],[]
0,2023-10-01 15:28:05,[],[],[],[],[]
0,2023-10-01 15:28:05,[],[],[],[],[]
0,2023-10-01 15:28:05,[],[],[],[],[]
0,2023-10-01 15:28:05,[],[],[],[],[]
0,2023-10-01 15:28:06,[],[],[],[],[]
0,2023-10-01 15:28:06,[],[],[],[],[]
0,2023-10-01 15:28:06,[],[],[],[],[]
0,2023-10-01 15:28:06,[],[],[],[],[]
0,2023-10-01 15:28:07,[],[],[],[],[]
0,2023-10-01 15:28:07,[],[],[],[],[]
0,2023-10-01 15:28:07,[],[],[],[],[]
0,2023-10-01 15:28:07,[],[],[],[],[]
0,2023-10-01 15:28:08,[],[],[],[],[]
0,2023-10-01 15:28:08,[],[],[],[],[]
0,2023-10-01 15:28:08,[],[],[],[],[]
0,2023-10-01 15:28:08,[],[],[],[],[]
0,2023-10-01 15:28:09,[],[],[],[],[]
0,2023-10-01 15:28:09,[],[],[],[],[]
0,2023-10-01 15:28:09,[],[],[],[],[]
0,2023-10-01 15:28:09,[],[],[],[],[]
0,2023-10-01 15:28:10,[],[],[],[],[]
0,2023-10-01 15:28:10,[],[],[],[],[]
0,2023-10-01 15:28:10,[],[],[],[],[]
0,2023-10-01 15:28:10,[],[],[],[],[]
0,2023-10-01 15:28:11,[],[],[],[],[]
0,2023-10-01 15:28:11,[],[],[],[],[]
0,2023-10-01 15:28:11,[],[],[],[],[]
0,2023-10-01 15:28:11,[],[],[],[],[]
0,2023-10-01 15:28:11,[],[],[],[],[]
0,2023-10-01 15:28:12,[],[],[],[],[]
0,2023-10-01 15:28:12,[],[],[],[],[]
0,2023-10-01 15:28:12,[],[],[],[],[]
0,2023-10-01 15:28:12,[],[],[],[],[]
0,2023-10-01 15:28:13,[],[],[],[],[]
0,2023-10-01 15:28:13,[],[],[],[],[]
0,2023-10-01 15:28:13,[],[],[],[],[]
0,2023-10-01 15:28:13,[],[],[],[],[]
0,2023-10-01 15:28:13,[],[],[],[],[]
0,2023-10-01 15:28:14,[],[],[],[],[]
0,2023-10-01 15:28:14,[],[],[],[],[]
0,2023-10-01 15:28:14,[],[],[],[],[]
0,2023-10-01 15:28:14,[],[],[],[],[]
0,2023-10-01 15:28:14,[],[],[],[],[]
0,2023-10-01 15:28:15,[],[],[],[],[]
0,2023-10-01 15:28:15,[],[],[],[],[]
0,2023-10-01 15:28:15,[],[],[],[],[]
0,2023-10-01 15:28:15,[],[],[],[],[]
0,2023-10-01 15:28:16,[],[],[],[],[]
0,2023-10-01 15:28:16,[],[],[],[],[]
0,2023-10-01 15:28:16,[],[],[],[],[]
0,2023-10-01 15:28:16,[],[],[],[],[]
0,2023-10-01 15:28:16,[],[],[],[],[]
0,2023-10-01 15:28:17,[],[],[],[],[]
0,2023-10-01 15:28:17,[],[],[],[],[]
0,2023-10-01 15:28:17,[],[],[],[],[]
0,2023-10-01 15:28:17,[],[],[],[],[]
0,2023-10-01 15:28:17,[],[],[],[],[]
0,2023-10-01 15:28:18,[],[],[],[],[]
0,2023-10-01 15:28:18,[],[],[],[],[]
0,2023-10-01 15:28:18,[],[],[],[],[]
0,2023-10-01 15:28:18,[],[],[],[],[]
0,2023-10-01 15:28:18,[],[],[],[],[]
0,2023-10-01 15:28:19,[],[],[],[],[]
0,2023-10-01 15:28:19,[],[],[],[],[]
0,2023-10-01 15:28:19,[],[],[],[],[]
0,2023-10-01 15:28:19,[],[],[],[],[]
0,2023-10-01 15:28:19,[],[],[],[],[]
0,2023-10-01 15:28:20,[],[],[],[],[]
0,2023-10-01 15:28:20,[],[],[],[],[]
0,2023-10-01 15:28:20,[],[],[],[],[]
0,2023-10-01 15:28:20,[],[],[],[],[]
0,2023-10-01 15:28:21,[],[],[],[],[]
0,2023-10-01 15:28:21,[],[],[],[],[]
0,2023-10-01 15:28:21,[],[],[],[],[]
0,2023-10-01 15:28:21,[],[],[],[],[]
0,2023-10-01 15:28:21,[],[],[],[],[]
0,2023-10-01 15:28:22,[],[],[],[],[]
0,2023-10-01 15:28:22,[],[],[],[],[]
0,2023-10-01 15:28:22,[],[],[],[],[]
0,2023-10-01 15:28:22,[],[],[],[],[]
0,2023-10-01 15:28:22,[],[],[],[],[]
0,2023-10-01 15:28:23,[],[],[],[],[]
0,2023-10-01 15:28:23,[],[],[],[],[]
0,2023-10-01 15:28:23,[],[],[],[],[]
0,2023-10-01 15:28:23,[],[],[],[],[]
0,2023-10-01 15:28:23,[],[],[],[],[]
0,2023-10-01 15:28:24,[],[],[],[],[]
0,2023-10-01 15:28:24,[],[],[],[],[]
0,2023-10-01 15:28:24,[],[],[],[],[]
0,2023-10-01 15:28:24,[],[],[],[],[]
0,2023-10-01 15:28:24,[],[],[],[],[]
0,2023-10-01 15:28:25,[],[],[],[],[]
0,2023-10-01 15:28:25,[],[],[],[],[]
0,2023-10-01 15:28:25,[],[],[],[],[]
0,2023-10-01 15:28:25,[],[],[],[],[]
0,2023-10-01 15:28:26,[],[],[],[],[]
0,2023-10-01 15:28:26,[],[],[],[],[]
0,2023-10-01 15:28:26,[],[],[],[],[]
0,2023-10-01 15:28:26,[],[],[],[],[]
0,2023-10-01 15:28:27,[],[],[],[],[]
0,2023-10-01 15:28:27,[],[],[],[],[]
0,2023-10-01 15:28:27,[],[],[],[],[]
0,2023-10-01 15:28:27,[],[],[],[],[]
0,2023-10-01 15:28:28,[],[],[],[],[]
0,2023-10-01 15:28:28,[],[],[],[],[]
0,2023-10-01 15:28:28,[],[],[],[],[]
0,2023-10-01 15:28:28,[],[],[],[],[]
0,2023-10-01 15:28:28,[],[],[],[],[]
0,2023-10-01 15:28:28,[],[],[],[],[]
0,2023-10-01 15:28:29,[],[],[],[],[]
0,2023-10-01 15:28:29,[],[],[],[],[]
0,2023-10-01 15:28:29,[],[],[],[],[]
0,2023-10-01 15:28:29,[],[],[],[],[]
0,2023-10-01 15:28:30,[],[],[],[],[]
0,2023-10-01 15:28:30,[],[],[],[],[]
0,2023-10-01 15:28:30,[],[],[],[],[]
0,2023-10-01 15:28:30,[],[],[],[],[]
0,2023-10-01 15:28:31,[],[],[],[],[]
0,2023-10-01 15:28:31,[],[],[],[],[]
0,2023-10-01 15:28:31,[],[],[],[],[]
0,2023-10-01 15:28:32,[],[],[],[],[]
0,2023-10-01 15:28:32,[],[],[],[],[]
0,2023-10-01 15:28:32,[],[],[],[],[]
0,2023-10-01 15:28:32,[],[],[],[],[]
0,2023-10-01 15:28:32,[],[],[],[],[]
0,2023-10-01 15:28:32,[],[],[],[],[]
0,2023-10-01 15:28:33,[],[],[],[],[]
0,2023-10-01 15:28:33,[],[],[],[],[]
0,2023-10-01 15:28:33,[],[],[],[],[]
0,2023-10-01 15:28:33,[],[],[],[],[]
0,2023-10-01 15:28:34,[],[],[],[],[]
0,2023-10-01 15:28:34,[],[],[],[],[]
0,2023-10-01 15:28:34,[],[],[],[],[]
0,2023-10-01 15:28:34,[],[],[],[],[]
0,2023-10-01 15:28:34,[],[],[],[],[]
0,2023-10-01 15:28:35,[],[],[],[],[]
0,2023-10-01 15:28:35,[],[],[],[],[]
0,2023-10-01 15:28:35,[],[],[],[],[]
0,2023-10-01 15:28:35,[],[],[],[],[]
0,2023-10-01 15:28:35,[],[],[],[],[]
0,2023-10-01 15:28:36,[],[],[],[],[]
0,2023-10-01 15:28:36,[],[],[],[],[]
0,2023-10-01 15:28:36,[],[],[],[],[]
0,2023-10-01 15:28:36,[],[],[],[],[]
0,2023-10-01 15:28:37,[],[],[],[],[]
0,2023-10-01 15:28:37,[],[],[],[],[]
0,2023-10-01 15:28:37,[],[],[],[],[]
0,2023-10-01 15:28:37,[],[],[],[],[]
0,2023-10-01 15:28:37,[],[],[],[],[]
0,2023-10-01 15:28:37,[],[],[],[],[]
0,2023-10-01 15:28:38,[],[],[],[],[]
0,2023-10-01 15:28:38,[],[],[],[],[]
0,2023-10-01 15:28:38,[],[],[],[],[]
0,2023-10-01 15:28:38,[],[],[],[],[]
0,2023-10-01 15:28:39,[],[],[],[],[]
0,2023-10-01 15:28:39,[],[],[],[],[]
0,2023-10-01 15:28:39,[],[],[],[],[]
0,2023-10-01 15:28:39,[],[],[],[],[]
0,2023-10-01 15:28:39,[],[],[],[],[]
0,2023-10-01 15:28:40,[],[],[],[],[]
0,2023-10-01 15:28:40,[],[],[],[],[]
0,2023-10-01 15:28:40,[],[],[],[],[]
0,2023-10-01 15:28:40,[],[],[],[],[]
0,2023-10-01 15:28:40,[],[],[],[],[]
0,2023-10-01 15:28:41,[],[],[],[],[]
0,2023-10-01 15:28:41,[],[],[],[],[]
0,2023-10-01 15:28:41,[],[],[],[],[]
0,2023-10-01 15:28:41,[],[],[],[],[]
0,2023-10-01 15:28:41,[],[],[],[],[]
0,2023-10-01 15:28:42,[],[],[],[],[]
0,2023-10-01 15:28:42,[],[],[],[],[]
0,2023-10-01 15:28:42,[],[],[],[],[]
0,2023-10-01 15:28:42,[],[],[],[],[]
0,2023-10-01 15:28:42,[],[],[],[],[]
0,2023-10-01 15:28:43,[],[],[],[],[]
0,2023-10-01 15:28:43,[],[],[],[],[]
0,2023-10-01 15:28:43,[],[],[],[],[]
0,2023-10-01 15:28:43,[],[],[],[],[]
0,2023-10-01 15:28:43,[],[],[],[],[]
0,2023-10-01 15:28:44,[],[],[],[],[]
0,2023-10-01 15:28:44,[],[],[],[],[]
0,2023-10-01 15:28:44,[],[],[],[],[]
0,2023-10-01 15:28:44,[],[],[],[],[]
0,2023-10-01 15:28:45,[],[],[],[],[]
0,2023-10-01 15:28:45,[],[],[],[],[]
0,2023-10-01 15:28:45,[],[],[],[],[]
0,2023-10-01 15:28:45,[],[],[],[],[]
0,2023-10-01 15:28:45,[],[],[],[],[]
0,2023-10-01 15:28:46,[],[],[],[],[]
0,2023-10-01 15:28:46,[],[],[],[],[]
0,2023-10-01 15:28:46,[],[],[],[],[]
0,2023-10-01 15:28:46,[],[],[],[],[]
0,2023-10-01 15:28:46,[],[],[],[],[]
0,2023-10-01 15:28:46,[],[],[],[],[]
0,2023-10-01 15:28:47,[],[],[],[],[]
0,2023-10-01 15:28:47,350.30,-6.76 (-1.89%),"4,935,674",[],[]
0,2023-10-01 15:28:49,[],[],[],[],[]
0,2023-10-01 15:28:49,[],[],[],[],[]
0,2023-10-01 15:28:49,[],[],[],[],[]
0,2023-10-01 15:28:49,[],[],[],[],[]
0,2023-10-01 15:28:50,[],[],[],[],[]
0,2023-10-01 15:28:50,[],[],[],[],[]
0,2023-10-01 15:28:50,[],[],[],[],[]
0,2023-10-01 15:28:50,[],[],[],[],[]
0,2023-10-01 15:28:51,[],[],[],[],[]
0,2023-10-01 15:28:51,[],[],[],[],[]
0,2023-10-01 15:28:51,[],[],[],[],[]
0,2023-10-01 15:28:51,[],[],[],[],[]
0,2023-10-01 15:28:52,[],[],[],[],[]
0,2023-10-01 15:28:52,[],[],[],[],[]
0,2023-10-01 15:28:52,[],[],[],[],[]
0,2023-10-01 15:28:52,[],[],[],[],[]
0,2023-10-01 15:28:52,[],[],[],[],[]
0,2023-10-01 15:28:53,[],[],[],[],[]
0,2023-10-01 15:28:53,[],[],[],[],[]
0,2023-10-01 15:28:53,[],[],[],[],[]
0,2023-10-01 15:28:53,[],[],[],[],[]
0,2023-10-01 15:28:53,[],[],[],[],[]
0,2023-10-01 15:28:54,[],[],[],[],[]
0,2023-10-01 15:28:54,[],[],[],[],[]
0,2023-10-01 15:28:54,[],[],[],[],[]
0,2023-10-01 15:28:54,[],[],[],[],[]
0,2023-10-01 15:28:54,[],[],[],[],[]
0,2023-10-01 15:28:55,[],[],[],[],[]
0,2023-10-01 15:28:55,[],[],[],[],[]
0,2023-10-01 15:28:55,[],[],[],[],[]
0,2023-10-01 15:28:55,[],[],[],[],[]
0,2023-10-01 15:28:55,[],[],[],[],[]
0,2023-10-01 15:28:56,[],[],[],[],[]
0,2023-10-01 15:28:56,[],[],[],[],[]
0,2023-10-01 15:28:56,[],[],[],[],[]
0,2023-10-01 15:28:56,[],[],[],[],[]
0,2023-10-01 15:28:57,[],[],[],[],[]
0,2023-10-01 15:28:57,[],[],[],[],[]
0,2023-10-01 15:28:57,[],[],[],[],[]
0,2023-10-01 15:28:57,[],[],[],[],[]
0,2023-10-01 15:28:58,[],[],[],[],[]
0,2023-10-01 15:28:58,[],[],[],[],[]
0,2023-10-01 15:28:58,[],[],[],[],[]
0,2023-10-01 15:28:58,[],[],[],[],[]
0,2023-10-01 15:28:58,[],[],[],[],[]
0,2023-10-01 15:28:58,[],[],[],[],[]
0,2023-10-01 15:28:59,[],[],[],[],[]
0,2023-10-01 15:28:59,[],[],[],[],[]
0,2023-10-01 15:28:59,[],[],[],[],[]
0,2023-10-01 15:28:59,[],[],[],[],[]
0,2023-10-01 15:28:59,[],[],[],[],[]
0,2023-10-01 15:29:00,[],[],[],[],[]
0,2023-10-01 15:29:00,[],[],[],[],[]
0,2023-10-01 15:29:00,[],[],[],[],[]
0,2023-10-01 15:29:00,[],[],[],[],[]
0,2023-10-01 15:29:00,[],[],[],[],[]
0,2023-10-01 15:29:01,[],[],[],[],[]
0,2023-10-01 15:29:01,[],[],[],[],[]
0,2023-10-01 15:29:01,[],[],[],[],[]
0,2023-10-01 15:29:02,[],[],[],[],[]
0,2023-10-01 15:29:02,[],[],[],[],[]
0,2023-10-01 15:29:02,[],[],[],[],[]
0,2023-10-01 15:29:02,[],[],[],[],[]
0,2023-10-01 15:29:02,[],[],[],[],[]
0,2023-10-01 15:29:03,[],[],[],[],[]
0,2023-10-01 15:29:03,[],[],[],[],[]
0,2023-10-01 15:29:03,[],[],[],[],[]
0,2023-10-01 15:29:03,[],[],[],[],[]
0,2023-10-01 15:29:03,[],[],[],[],[]
0,2023-10-01 15:29:04,[],[],[],[],[]
0,2023-10-01 15:29:04,[],[],[],[],[]
0,2023-10-01 15:29:04,[],[],[],[],[]
0,2023-10-01 15:29:04,[],[],[],[],[]
0,2023-10-01 15:29:04,[],[],[],[],[]
0,2023-10-01 15:29:05,[],[],[],[],[]
0,2023-10-01 15:29:05,[],[],[],[],[]
0,2023-10-01 15:29:05,[],[],[],[],[]
0,2023-10-01 15:29:05,[],[],[],[],[]
0,2023-10-01 15:29:06,[],[],[],[],[]
0,2023-10-01 15:29:06,[],[],[],[],[]
0,2023-10-01 15:29:06,[],[],[],[],[]
0,2023-10-01 15:29:06,[],[],[],[],[]
0,2023-10-01 15:29:06,[],[],[],[],[]
0,2023-10-01 15:29:07,[],[],[],[],[]
0,2023-10-01 15:29:07,[],[],[],[],[]
0,2023-10-01 15:29:07,[],[],[],[],[]
0,2023-10-01 15:29:07,[],[],[],[],[]
0,2023-10-01 15:29:07,[],[],[],[],[]
0,2023-10-01 15:29:08,[],[],[],[],[]
0,2023-10-01 15:29:08,[],[],[],[],[]
0,2023-10-01 15:29:08,[],[],[],[],[]
0,2023-10-01 15:29:08,[],[],[],[],[]
0,2023-10-01 15:29:08,[],[],[],[],[]
0,2023-10-01 15:29:08,[],[],[],[],[]
0,2023-10-01 15:29:09,[],[],[],[],[]
0,2023-10-01 15:29:09,[],[],[],[],[]
0,2023-10-01 15:29:09,[],[],[],[],[]
0,2023-10-01 15:29:09,[],[],[],[],[]
0,2023-10-01 15:29:09,[],[],[],[],[]
0,2023-10-01 15:29:10,[],[],[],[],[]
0,2023-10-01 15:29:10,[],[],[],[],[]
0,2023-10-01 15:29:10,[],[],[],[],[]
0,2023-10-01 15:29:10,[],[],[],[],[]
0,2023-10-01 15:29:10,[],[],[],[],[]
0,2023-10-01 15:29:11,[],[],[],[],[]
0,2023-10-01 15:29:11,[],[],[],[],[]
0,2023-10-01 15:29:18,[],[],[],[],[]
0,2023-10-01 15:29:18,[],[],[],[],[]
0,2023-10-01 15:29:18,[],[],[],[],[]
0,2023-10-01 15:29:18,[],[],[],[],[]
0,2023-10-01 15:29:19,[],[],[],[],[]
0,2023-10-01 15:29:19,[],[],[],[],[]
0,2023-10-01 15:29:19,[],[],[],[],[]
0,2023-10-01 15:29:19,[],[],[],[],[]
0,2023-10-01 15:29:19,[],[],[],[],[]
0,2023-10-01 15:29:20,[],[],[],[],[]
0,2023-10-01 15:29:20,[],[],[],[],[]
0,2023-10-01 15:29:20,[],[],[],[],[]
0,2023-10-01 15:29:20,[],[],[],[],[]
0,2023-10-01 15:29:20,[],[],[],[],[]
0,2023-10-01 15:29:21,[],[],[],[],[]
0,2023-10-01 15:29:21,[],[],[],[],[]
0,2023-10-01 15:29:21,[],[],[],[],[]
0,2023-10-01 15:29:22,[],[],[],[],[]
0,2023-10-01 15:29:22,[],[],[],[],[]
0,2023-10-01 15:29:22,[],[],[],[],[]
0,2023-10-01 15:29:22,[],[],[],[],[]
0,2023-10-01 15:29:22,[],[],[],[],[]
0,2023-10-01 15:29:23,[],[],[],[],[]
0,2023-10-01 15:29:23,[],[],[],[],[]
0,2023-10-01 15:29:23,[],[],[],[],[]
0,2023-10-01 15:29:23,[],[],[],[],[]
0,2023-10-01 15:29:23,[],[],[],[],[]
0,2023-10-01 15:29:24,[],[],[],[],[]
0,2023-10-01 15:29:24,[],[],[],[],[]
0,2023-10-01 15:29:24,[],[],[],[],[]
0,2023-10-01 15:29:24,[],[],[],[],[]
0,2023-10-01 15:29:25,[],[],[],[],[]
0,2023-10-01 15:29:25,[],[],[],[],[]
0,2023-10-01 15:29:25,[],[],[],[],[]
0,2023-10-01 15:29:25,[],[],[],[],[]
0,2023-10-01 15:29:25,[],[],[],[],[]
0,2023-10-01 15:29:26,[],[],[],[],[]
0,2023-10-01 15:29:26,[],[],[],[],[]
0,2023-10-01 15:29:26,[],[],[],[],[]
0,2023-10-01 15:29:26,[],[],[],[],[]
0,2023-10-01 15:29:26,[],[],[],[],[]
0,2023-10-01 15:29:27,[],[],[],[],[]
0,2023-10-01 15:29:27,[],[],[],[],[]
0,2023-10-01 15:29:27,[],[],[],[],[]
0,2023-10-01 15:29:27,[],[],[],[],[]
0,2023-10-01 15:29:28,[],[],[],[],[]
0,2023-10-01 15:29:28,[],[],[],[],[]
0,2023-10-01 15:29:28,[],[],[],[],[]
0,2023-10-01 15:29:28,[],[],[],[],[]
0,2023-10-01 15:29:28,[],[],[],[],[]
0,2023-10-01 15:29:29,[],[],[],[],[]
0,2023-10-01 15:29:29,[],[],[],[],[]
0,2023-10-01 15:29:29,[],[],[],[],[]
0,2023-10-01 15:29:29,[],[],[],[],[]
0,2023-10-01 15:29:30,[],[],[],[],[]
0,2023-10-01 15:29:30,[],[],[],[],[]
0,2023-10-01 15:29:31,[],[],[],[],[]
0,2023-10-01 15:29:31,[],[],[],[],[]
0,2023-10-01 15:29:32,[],[],[],[],[]
0,2023-10-01 15:29:32,[],[],[],[],[]
0,2023-10-01 15:29:32,[],[],[],[],[]
0,2023-10-01 15:29:33,[],[],[],[],[]
0,2023-10-01 15:29:33,[],[],[],[],[]
0,2023-10-01 15:29:34,[],[],[],[],[]
0,2023-10-01 15:29:34,[],[],[],[],[]
0,2023-10-01 15:29:34,[],[],[],[],[]
0,2023-10-01 15:29:35,[],[],[],[],[]
0,2023-10-01 15:29:35,[],[],[],[],[]
0,2023-10-01 15:29:35,[],[],[],[],[]
0,2023-10-01 15:29:36,[],[],[],[],[]
0,2023-10-01 15:29:36,[],[],[],[],[]
0,2023-10-01 15:29:36,[],[],[],[],[]
0,2023-10-01 15:29:37,[],[],[],[],[]
0,2023-10-01 15:29:37,[],[],[],[],[]
0,2023-10-01 15:29:37,[],[],[],[],[]
0,2023-10-01 15:29:38,[],[],[],[],[]
0,2023-10-01 15:29:38,[],[],[],[],[]
0,2023-10-01 15:29:38,[],[],[],[],[]
0,2023-10-01 15:29:39,[],[],[],[],[]
0,2023-10-01 15:29:39,[],[],[],[],[]
0,2023-10-01 15:29:39,[],[],[],[],[]
0,2023-10-01 15:29:40,[],[],[],[],[]
0,2023-10-01 15:29:40,[],[],[],[],[]
0,2023-10-01 15:29:40,[],[],[],[],[]
0,2023-10-01 15:29:40,[],[],[],[],[]
0,2023-10-01 15:29:41,[],[],[],[],[]
0,2023-10-01 15:29:41,[],[],[],[],[]
0,2023-10-01 15:29:41,[],[],[],[],[]
0,2023-10-01 15:29:42,[],[],[],[],[]
0,2023-10-01 15:29:42,[],[],[],[],[]
0,2023-10-01 15:29:43,[],[],[],[],[]
0,2023-10-01 15:29:43,[],[],[],[],[]
0,2023-10-01 15:29:43,[],[],[],[],[]
0,2023-10-01 15:29:44,[],[],[],[],[]
0,2023-10-01 15:29:44,[],[],[],[],[]
0,2023-10-01 15:29:44,[],[],[],[],[]
0,2023-10-01 15:29:44,[],[],[],[],[]
0,2023-10-01 15:29:45,[],[],[],[],[]
0,2023-10-01 15:29:45,[],[],[],[],[]
0,2023-10-01 15:29:45,[],[],[],[],[]
0,2023-10-01 15:29:46,[],[],[],[],[]
0,2023-10-01 15:29:46,[],[],[],[],[]
0,2023-10-01 15:29:47,[],[],[],[],[]
0,2023-10-01 15:29:47,[],[],[],[],[]
0,2023-10-01 15:29:50,[],[],[],[],[]
0,2023-10-01 15:29:50,[],[],[],[],[]
0,2023-10-01 15:29:50,[],[],[],[],[]
0,2023-10-01 15:29:51,[],[],[],[],[]
0,2023-10-01 15:29:51,[],[],[],[],[]
0,2023-10-01 15:29:51,[],[],[],[],[]
0,2023-10-01 15:29:52,[],[],[],[],[]
0,2023-10-01 15:29:52,[],[],[],[],[]
0,2023-10-01 15:29:52,[],[],[],[],[]
0,2023-10-01 15:29:52,[],[],[],[],[]
0,2023-10-01 15:30:00,[],[],[],[],[]
0,2023-10-01 15:30:00,[],[],[],[],[]
0,2023-10-01 15:30:01,[],[],[],[],[]
0,2023-10-01 15:30:01,[],[],[],[],[]
0,2023-10-01 15:30:02,[],[],[],[],[]
0,2023-10-01 15:30:02,[],[],[],[],[]
0,2023-10-01 15:30:02,[],[],[],[],[]
0,2023-10-01 15:30:03,[],[],[],[],[]
0,2023-10-01 15:30:03,[],[],[],[],[]
0,2023-10-01 15:30:03,[],[],[],[],[]
0,2023-10-01 15:30:04,[],[],[],[],[]
0,2023-10-01 15:30:04,[],[],[],[],[]
0,2023-10-01 15:30:11,[],[],[],[],[]
0,2023-10-01 15:30:11,[],[],[],[],[]
0,2023-10-01 15:30:12,[],[],[],[],[]
0,2023-10-01 15:30:12,[],[],[],[],[]
0,2023-10-01 15:30:12,[],[],[],[],[]
0,2023-10-01 15:30:13,[],[],[],[],[]
0,2023-10-01 15:30:13,[],[],[],[],[]
0,2023-10-01 15:30:14,[],[],[],[],[]
0,2023-10-01 15:30:14,[],[],[],[],[]
0,2023-10-01 15:30:14,[],[],[],[],[]
0,2023-10-01 15:30:15,[],[],[],[],[]
0,2023-10-01 15:30:15,[],[],[],[],[]
0,2023-10-01 15:30:15,[],[],[],[],[]
0,2023-10-01 15:30:16,[],[],[],[],[]
0,2023-10-01 15:30:16,[],[],[],[],[]
0,2023-10-01 15:30:16,[],[],[],[],[]
0,2023-10-01 15:30:17,[],[],[],[],[]
0,2023-10-01 15:30:17,[],[],[],[],[]
0,2023-10-01 15:30:17,[],[],[],[],[]
0,2023-10-01 15:30:17,[],[],[],[],[]
0,2023-10-01 15:30:18,[],[],[],[],[]
0,2023-10-01 15:30:18,[],[],[],[],[]
0,2023-10-01 15:30:19,[],[],[],[],[]
0,2023-10-01 15:30:19,[],[],[],[],[]
0,2023-10-01 15:30:20,[],[],[],[],[]
0,2023-10-01 15:30:20,[],[],[],[],[]
0,2023-10-01 15:30:20,[],[],[],[],[]
0,2023-10-01 15:30:21,[],[],[],[],[]
0,2023-10-01 15:30:21,[],[],[],[],[]
0,2023-10-01 15:30:22,[],[],[],[],[]
0,2023-10-01 15:30:22,[],[],[],[],[]
0,2023-10-01 15:30:22,[],[],[],[],[]
0,2023-10-01 15:30:23,[],[],[],[],[]
0,2023-10-01 15:30:23,[],[],[],[],[]
0,2023-10-01 15:30:23,[],[],[],[],[]
0,2023-10-01 15:30:24,[],[],[],[],[]
0,2023-10-01 15:30:24,[],[],[],[],[]
0,2023-10-01 15:30:25,[],[],[],[],[]
0,2023-10-01 15:30:25,[],[],[],[],[]
0,2023-10-01 15:30:25,350.30,-6.76 (-1.89%),"4,935,674",[],[]
0,2023-10-01 15:30:28,[],[],[],[],[]
0,2023-10-01 15:30:28,[],[],[],[],[]
0,2023-10-01 15:30:28,[],[],[],[],[]
0,2023-10-01 15:30:29,[],[],[],[],[]
0,2023-10-01 15:30:29,[],[],[],[],[]
0,2023-10-01 15:30:29,[],[],[],[],[]
0,2023-10-01 15:30:29,[],[],[],[],[]
0,2023-10-01 15:30:30,[],[],[],[],[]
0,2023-10-01 15:30:30,[],[],[],[],[]
0,2023-10-01 15:30:30,[],[],[],[],[]
0,2023-10-01 15:30:31,[],[],[],[],[]
0,2023-10-01 15:30:31,[],[],[],[],[]
0,2023-10-01 15:30:31,[],[],[],[],[]
0,2023-10-01 15:30:31,[],[],[],[],[]
0,2023-10-01 15:30:31,[],[],[],[],[]
0,2023-10-01 15:30:32,[],[],[],[],[]
0,2023-10-01 15:30:32,[],[],[],[],[]
0,2023-10-01 15:30:32,[],[],[],[],[]
0,2023-10-01 15:30:32,[],[],[],[],[]
0,2023-10-01 15:30:33,[],[],[],[],[]
0,2023-10-01 15:30:33,[],[],[],[],[]
0,2023-10-01 15:30:34,[],[],[],[],[]
0,2023-10-01 15:30:34,[],[],[],[],[]
0,2023-10-01 15:30:34,[],[],[],[],[]
0,2023-10-01 15:30:35,[],[],[],[],[]
0,2023-10-01 15:30:35,[],[],[],[],[]
0,2023-10-01 15:30:35,[],[],[],[],[]
0,2023-10-01 15:30:35,[],[],[],[],[]
0,2023-10-01 15:30:36,[],[],[],[],[]
0,2023-10-01 15:30:36,[],[],[],[],[]
0,2023-10-01 15:30:36,[],[],[],[],[]
0,2023-10-01 15:30:36,[],[],[],[],[]
0,2023-10-01 15:30:36,[],[],[],[],[]
0,2023-10-01 15:30:37,[],[],[],[],[]
0,2023-10-01 15:30:37,[],[],[],[],[]
0,2023-10-01 15:30:37,[],[],[],[],[]
0,2023-10-01 15:30:37,[],[],[],[],[]
0,2023-10-01 15:30:38,[],[],[],[],[]
0,2023-10-01 15:30:38,[],[],[],[],[]
0,2023-10-01 15:30:38,[],[],[],[],[]
0,2023-10-01 15:30:38,[],[],[],[],[]
0,2023-10-01 15:30:39,[],[],[],[],[]
0,2023-10-01 15:30:39,[],[],[],[],[]
0,2023-10-01 15:30:39,[],[],[],[],[]
0,2023-10-01 15:30:39,[],[],[],[],[]
0,2023-10-01 15:30:40,[],[],[],[],[]
0,2023-10-01 15:30:40,[],[],[],[],[]
0,2023-10-01 15:30:40,[],[],[],[],[]
0,2023-10-01 15:30:40,[],[],[],[],[]
0,2023-10-01 15:30:41,[],[],[],[],[]
0,2023-10-01 15:30:41,[],[],[],[],[]
0,2023-10-01 15:30:41,[],[],[],[],[]
0,2023-10-01 15:30:41,[],[],[],[],[]
0,2023-10-01 15:30:42,[],[],[],[],[]
0,2023-10-01 15:30:42,[],[],[],[],[]
0,2023-10-01 15:30:42,[],[],[],[],[]
0,2023-10-01 15:30:42,[],[],[],[],[]
0,2023-10-01 15:30:42,[],[],[],[],[]
0,2023-10-01 15:30:43,[],[],[],[],[]
0,2023-10-01 15:30:43,[],[],[],[],[]
0,2023-10-01 15:30:43,[],[],[],[],[]
0,2023-10-01 15:30:43,[],[],[],[],[]
0,2023-10-01 15:30:44,[],[],[],[],[]
0,2023-10-01 15:30:44,[],[],[],[],[]
0,2023-10-01 15:30:45,[],[],[],[],[]
0,2023-10-01 15:30:45,[],[],[],[],[]
0,2023-10-01 15:30:45,[],[],[],[],[]
0,2023-10-01 15:30:45,[],[],[],[],[]
0,2023-10-01 15:30:45,[],[],[],[],[]
0,2023-10-01 15:30:46,[],[],[],[],[]
0,2023-10-01 15:30:46,[],[],[],[],[]
0,2023-10-01 15:30:46,[],[],[],[],[]
0,2023-10-01 15:30:46,[],[],[],[],[]
0,2023-10-01 15:30:47,[],[],[],[],[]
0,2023-10-01 15:30:47,[],[],[],[],[]
0,2023-10-01 15:30:47,[],[],[],[],[]
0,2023-10-01 15:30:47,[],[],[],[],[]
0,2023-10-01 15:30:48,[],[],[],[],[]
0,2023-10-01 15:30:48,[],[],[],[],[]
0,2023-10-01 15:30:48,[],[],[],[],[]
0,2023-10-01 15:30:48,[],[],[],[],[]
0,2023-10-01 15:30:48,[],[],[],[],[]
0,2023-10-01 15:30:49,[],[],[],[],[]
0,2023-10-01 15:30:49,[],[],[],[],[]
0,2023-10-01 15:30:49,[],[],[],[],[]
0,2023-10-01 15:30:49,[],[],[],[],[]
0,2023-10-01 15:30:50,[],[],[],[],[]
0,2023-10-01 15:30:50,[],[],[],[],[]
0,2023-10-01 15:30:50,[],[],[],[],[]
0,2023-10-01 15:30:51,[],[],[],[],[]
0,2023-10-01 15:30:51,[],[],[],[],[]
0,2023-10-01 15:30:51,[],[],[],[],[]
0,2023-10-01 15:30:51,[],[],[],[],[]
0,2023-10-01 15:30:51,[],[],[],[],[]
0,2023-10-01 15:30:52,[],[],[],[],[]
0,2023-10-01 15:30:52,[],[],[],[],[]
0,2023-10-01 15:30:52,[],[],[],[],[]
0,2023-10-01 15:30:52,[],[],[],[],[]
0,2023-10-01 15:30:53,[],[],[],[],[]
0,2023-10-01 15:30:53,[],[],[],[],[]
0,2023-10-01 15:30:53,[],[],[],[],[]
0,2023-10-01 15:30:53,[],[],[],[],[]
0,2023-10-01 15:30:54,[],[],[],[],[]
0,2023-10-01 15:30:54,[],[],[],[],[]
0,2023-10-01 15:30:54,[],[],[],[],[]
0,2023-10-01 15:30:54,[],[],[],[],[]
0,2023-10-01 15:30:55,[],[],[],[],[]
0,2023-10-01 15:30:55,[],[],[],[],[]
0,2023-10-01 15:30:55,[],[],[],[],[]
0,2023-10-01 15:30:55,[],[],[],[],[]
0,2023-10-01 15:30:55,[],[],[],[],[]
0,2023-10-01 15:30:56,[],[],[],[],[]
0,2023-10-01 15:30:56,[],[],[],[],[]
0,2023-10-01 15:30:56,[],[],[],[],[]
0,2023-10-01 15:30:56,[],[],[],[],[]
0,2023-10-01 15:30:56,[],[],[],[],[]
0,2023-10-01 15:30:57,[],[],[],[],[]
0,2023-10-01 15:30:57,[],[],[],[],[]
0,2023-10-01 15:30:57,[],[],[],[],[]
0,2023-10-01 15:30:57,[],[],[],[],[]
0,2023-10-01 15:30:57,[],[],[],[],[]
0,2023-10-01 15:30:58,[],[],[],[],[]
0,2023-10-01 15:30:58,[],[],[],[],[]
0,2023-10-01 15:30:58,[],[],[],[],[]
0,2023-10-01 15:30:58,[],[],[],[],[]
0,2023-10-01 15:30:59,[],[],[],[],[]
0,2023-10-01 15:30:59,[],[],[],[],[]
0,2023-10-01 15:30:59,[],[],[],[],[]
0,2023-10-01 15:30:59,[],[],[],[],[]
0,2023-10-01 15:30:59,[],[],[],[],[]
0,2023-10-01 15:31:00,[],[],[],[],[]
0,2023-10-01 15:31:00,[],[],[],[],[]
0,2023-10-01 15:31:00,[],[],[],[],[]
0,2023-10-01 15:31:01,[],[],[],[],[]
0,2023-10-01 15:31:01,[],[],[],[],[]
0,2023-10-01 15:31:01,[],[],[],[],[]
0,2023-10-01 15:31:01,[],[],[],[],[]
